qualifyId,raceId,driverId,constructorId,number,position,q1,q2,q3,name,year,code,surname
4549,841,815,15,17,13,1:25.812,1:26.108,\N,Australian Grand Prix,2011,PER,Pérez
4577,842,815,15,17,16,1:37.759,1:37.528,\N,Malaysian Grand Prix,2011,PER,Pérez
4597,843,815,15,17,12,1:36.046,1:36.053,\N,Chinese Grand Prix,2011,PER,Pérez
4624,844,815,15,17,15,1:27.778,1:27.244,\N,Turkish Grand Prix,2011,PER,Pérez
4644,845,815,15,17,12,1:24.209,1:23.367,\N,Spanish Grand Prix,2011,PER,Pérez
4665,846,815,15,17,10,1:15.918,1:15.482,\N,Monaco Grand Prix,2011,PER,Pérez
4719,848,815,15,17,16,1:39.494,1:39.657,\N,European Grand Prix,2011,PER,Pérez
4739,849,815,15,17,12,1:34.145,1:32.624,\N,British Grand Prix,2011,PER,Pérez
4766,850,815,15,17,15,1:33.295,1:33.176,\N,German Grand Prix,2011,PER,Pérez
4785,851,815,15,17,10,1:23.067,1:22.157,\N,Hungarian Grand Prix,2011,PER,Pérez
4808,852,815,15,17,9,2:06.284,2:04.625,1:51.374,Belgian Grand Prix,2011,PER,Pérez
4833,854,815,15,17,11,1:47.717,1:47.616,\N,Singapore Grand Prix,2011,PER,Pérez
4863,855,815,15,17,17,1:34.704,\N,\N,Japanese Grand Prix,2011,PER,Pérez
4887,856,815,15,17,17,1:39.097,1:39.443,\N,Korean Grand Prix,2011,PER,Pérez
4911,857,815,15,17,17,1:27.249,1:27.562,\N,Indian Grand Prix,2011,PER,Pérez
4929,858,815,15,17,11,1:41.311,1:40.874,\N,Abu Dhabi Grand Prix,2011,PER,Pérez
4958,859,815,15,17,17,1:14.430,1:14.182,\N,Brazilian Grand Prix,2011,PER,Pérez
4982,860,815,15,15,17,1:26.596,\N,\N,Australian Grand Prix,2012,PER,Pérez
4999,861,815,15,15,10,1:37.933,1:37.477,1:37.698,Malaysian Grand Prix,2012,PER,Pérez
5021,862,815,15,15,8,1:36.198,1:35.831,1:36.524,Chinese Grand Prix,2012,PER,Pérez
5045,863,815,15,15,8,1:33.814,1:33.660,1:33.394,Bahrain Grand Prix,2012,PER,Pérez
5067,864,815,15,15,6,1:24.261,1:22.773,1:22.533,Spanish Grand Prix,2012,PER,Pérez
5123,866,815,15,15,15,1:15.326,1:15.156,\N,Canadian Grand Prix,2012,PER,Pérez
5147,867,815,15,15,15,1:39.353,1:39.358,\N,European Grand Prix,2012,PER,Pérez
5172,868,815,15,15,17,1:46.494,1:57.895,\N,British Grand Prix,2012,PER,Pérez
5191,869,815,15,15,12,1:15.726,1:39.933,\N,German Grand Prix,2012,PER,Pérez
5217,870,815,15,15,14,1:22.110,1:21.895,\N,Hungarian Grand Prix,2012,PER,Pérez
5232,871,815,15,15,5,1:49.642,1:47.980,1:48.219,Belgian Grand Prix,2012,PER,Pérez
5264,872,815,15,15,13,1:25.300,1:24.901,\N,Italian Grand Prix,2012,PER,Pérez
5288,873,815,15,15,14,1:49.055,1:48.505,\N,Singapore Grand Prix,2012,PER,Pérez
5304,874,815,15,15,6,1:32.147,1:32.169,1:32.022,Japanese Grand Prix,2012,PER,Pérez
5334,875,815,15,15,12,1:38.630,1:38.460,\N,Korean Grand Prix,2012,PER,Pérez
5353,876,815,15,15,8,1:27.179,1:26.076,1:26.360,Indian Grand Prix,2012,PER,Pérez
5381,877,815,15,15,12,1:42.624,1:42.084,\N,Abu Dhabi Grand Prix,2012,PER,Pérez
5408,878,815,15,15,15,1:38.500,1:38.206,\N,United States Grand Prix,2012,PER,Pérez
5430,879,815,15,15,13,1:15.974,1:14.234,\N,Brazilian Grand Prix,2012,PER,Pérez
5456,880,815,1,6,15,1:44.400,1:39.900,\N,Australian Grand Prix,2013,PER,Pérez
5473,881,815,1,6,10,1:37.702,1:37.342,1:54.136,Malaysian Grand Prix,2013,PER,Pérez
5497,882,815,1,6,12,1:36.952,1:36.314,\N,Chinese Grand Prix,2013,PER,Pérez
5519,883,815,1,6,12,1:34.310,1:33.914,\N,Bahrain Grand Prix,2013,PER,Pérez
5538,884,815,1,6,9,1:23.116,1:21.790,1:22.069,Spanish Grand Prix,2013,PER,Pérez
5558,885,815,1,6,7,1:24.682,1:17.748,1:15.138,Monaco Grand Prix,2013,PER,Pérez
5585,886,815,1,6,12,1:24.176,1:29.761,\N,Canadian Grand Prix,2013,PER,Pérez
5609,887,815,1,6,14,1:31.953,1:32.082,\N,British Grand Prix,2013,PER,Pérez
5630,888,815,1,6,13,1:31.498,1:30.933,\N,German Grand Prix,2013,PER,Pérez
5648,890,815,1,6,9,1:21.612,1:20.545,1:22.398,Hungarian Grand Prix,2013,PER,Pérez
5674,891,815,1,6,13,2:02.425,1:49.304,\N,Belgian Grand Prix,2013,PER,Pérez
5691,892,815,1,6,8,1:24.635,1:24.592,1:24.502,Italian Grand Prix,2013,PER,Pérez
5719,893,815,1,6,14,1:45.164,1:44.752,\N,Singapore Grand Prix,2013,PER,Pérez
5738,894,815,1,6,11,1:39.049,1:38.362,\N,Korean Grand Prix,2013,PER,Pérez
5760,895,815,1,6,11,1:32.718,1:31.989,\N,Japanese Grand Prix,2013,PER,Pérez
5780,896,815,1,6,9,1:26.107,1:25.365,1:26.153,Indian Grand Prix,2013,PER,Pérez
5802,897,815,1,6,9,1:41.687,1:40.812,1:41.068,Abu Dhabi Grand Prix,2013,PER,Pérez
5822,898,815,1,6,7,1:38.367,1:38.040,1:37.452,United States Grand Prix,2013,PER,Pérez
5851,899,815,1,6,14,1:26.741,1:28.269,\N,Brazilian Grand Prix,2013,PER,Pérez
5875,900,815,10,11,16,1:34.141,1:47.293,\N,Australian Grand Prix,2014,PER,Pérez
5895,901,815,10,11,14,2:00.076,2:02.511,\N,Malaysian Grand Prix,2014,PER,Pérez
5908,902,815,10,11,5,1:34.998,1:34.747,1:34.346,Bahrain Grand Prix,2014,PER,Pérez
5940,853,815,15,17,15,1:25.113,1:24.845,\N,Italian Grand Prix,2011,PER,Pérez
5965,903,815,10,11,16,1:58.362,1:58.264,\N,Chinese Grand Prix,2014,PER,Pérez
5983,904,815,10,11,12,1:28.469,1:28.002,\N,Spanish Grand Prix,2014,PER,Pérez
6003,905,815,10,11,10,1:18.108,1:17.755,1:18.327,Monaco Grand Prix,2014,PER,Pérez
6028,906,815,10,11,13,1:18.235,1:16.472,\N,Canadian Grand Prix,2014,PER,Pérez
6048,907,815,10,11,11,1:10.124,1:09.754,\N,Austrian Grand Prix,2014,PER,Pérez
6066,908,815,10,11,7,1:42.146,1:37.350,1:40.457,British Grand Prix,2014,PER,Pérez
6091,909,815,10,11,10,1:18.916,1:18.161,1:18.035,German Grand Prix,2014,PER,Pérez
6116,910,815,10,11,13,1:25.910,1:25.211,\N,Hungarian Grand Prix,2014,PER,Pérez
6138,911,815,10,11,13,2:10.666,2:10.084,\N,Belgian Grand Prix,2014,PER,Pérez
6157,912,815,10,11,10,1:26.569,1:25.863,1:25.944,Italian Grand Prix,2014,PER,Pérez
6184,913,815,10,11,15,1:48.143,1:47.575,\N,Singapore Grand Prix,2014,PER,Pérez
6203,914,815,10,11,12,1:35.439,1:35.089,\N,Japanese Grand Prix,2014,PER,Pérez
6226,915,815,10,11,13,1:40.723,1:40.163,\N,Russian Grand Prix,2014,PER,Pérez
6246,916,815,10,11,12,1:39.200,1:38.554,\N,United States Grand Prix,2014,PER,Pérez
6269,917,815,10,11,17,1:12.076,\N,\N,Brazilian Grand Prix,2014,PER,Pérez
6301,918,815,10,11,11,1:42.654,1:42.239,\N,Abu Dhabi Grand Prix,2014,PER,Pérez
6323,926,815,10,11,15,1:29.990,1:29.209,\N,Australian Grand Prix,2015,PER,Pérez
6340,927,815,10,11,14,1:41.036,1:43.469,\N,Malaysian Grand Prix,2015,PER,Pérez
6360,928,815,10,11,15,1:38.903,1:39.290,\N,Chinese Grand Prix,2015,PER,Pérez
6376,929,815,10,11,11,1:35.451,1:34.704,\N,Bahrain Grand Prix,2015,PER,Pérez
6402,930,815,10,11,18,1:28.442,\N,\N,Spanish Grand Prix,2015,PER,Pérez
6411,931,815,10,11,7,1:17.376,1:16.999,1:16.808,Monaco Grand Prix,2015,PER,Pérez
6434,932,815,10,11,10,1:16.827,1:15.974,1:16.338,Canadian Grand Prix,2015,PER,Pérez
6459,933,815,10,11,16,1:12.522,\N,\N,Austrian Grand Prix,2015,PER,Pérez
6474,934,815,10,11,11,1:34.250,1:34.268,\N,British Grand Prix,2015,PER,Pérez
6496,936,815,10,11,13,1:24.444,1:24.461,\N,Hungarian Grand Prix,2015,PER,Pérez
6508,937,815,10,11,5,1:49.006,1:48.792,1:48.599,Belgian Grand Prix,2015,PER,Pérez
6530,938,815,10,11,7,1:24.801,1:24.379,1:24.626,Italian Grand Prix,2015,PER,Pérez
6556,939,815,10,11,13,1:46.576,1:46.385,\N,Singapore Grand Prix,2015,PER,Pérez
6572,940,815,10,11,9,1:35.001,1:34.174,\N,Japanese Grand Prix,2015,PER,Pérez
6590,941,815,10,11,7,1:39.617,1:38.914,1:38.691,Russian Grand Prix,2015,PER,Pérez
6608,942,815,10,11,6,1:59.264,1:59.210,\N,United States Grand Prix,2015,PER,Pérez
6631,943,815,10,11,9,1:20.966,1:20.669,1:20.716,Mexican Grand Prix,2015,PER,Pérez
6655,944,815,10,11,13,1:13.140,1:13.147,\N,Brazilian Grand Prix,2015,PER,Pérez
6666,945,815,10,11,4,1:41.983,1:41.560,1:41.184,Abu Dhabi Grand Prix,2015,PER,Pérez
6691,948,815,10,11,9,1:26.607,1:25.753,\N,Australian Grand Prix,2016,PER,Pérez
6722,949,815,10,11,18,1:32.911,\N,\N,Bahrain Grand Prix,2016,PER,Pérez
6733,950,815,10,11,7,1:38.096,1:37.149,1:36.865,Chinese Grand Prix,2016,PER,Pérez
6755,951,815,10,11,7,1:38.006,1:37.282,1:37.212,Russian Grand Prix,2016,PER,Pérez
6779,952,815,10,11,9,1:24.698,1:24.003,1:23.782,Spanish Grand Prix,2016,PER,Pérez
6800,953,815,10,11,8,1:15.328,1:14.937,1:14.902,Monaco Grand Prix,2016,PER,Pérez
6825,954,815,10,11,11,1:14.814,1:14.317,\N,Canadian Grand Prix,2016,PER,Pérez
6837,955,815,10,11,2,1:44.462,1:43.939,1:43.515,European Grand Prix,2016,PER,Pérez
6873,956,815,10,11,16,1:07.657,\N,\N,Austrian Grand Prix,2016,PER,Pérez
6890,957,815,10,11,11,1:32.336,1:31.875,\N,British Grand Prix,2016,PER,Pérez
6913,958,815,10,11,13,1:41.411,1:25.416,\N,Hungarian Grand Prix,2016,PER,Pérez
6931,959,815,10,11,9,1:16.169,1:15.500,1:15.537,German Grand Prix,2016,PER,Pérez
6950,960,815,10,11,6,1:48.106,1:47.485,1:47.407,Belgian Grand Prix,2016,PER,Pérez
6973,961,815,10,11,8,1:23.439,1:22.922,1:22.814,Italian Grand Prix,2016,PER,Pérez
6996,962,815,10,11,10,1:45.204,1:44.703,1:44.582,Singapore Grand Prix,2016,PER,Pérez
7015,963,815,10,11,7,1:35.068,1:34.538,1:34.319,Malaysian Grand Prix,2016,PER,Pérez
7037,964,815,10,11,7,1:32.682,1:32.237,1:31.961,Japanese Grand Prix,2016,PER,Pérez
7063,965,815,10,11,11,1:37.345,1:37.353,\N,United States Grand Prix,2016,PER,Pérez
7086,966,815,10,11,12,1:20.308,1:20.287,\N,Mexican Grand Prix,2016,PER,Pérez
7104,967,815,10,11,9,1:12.684,1:12.331,1:12.165,Brazilian Grand Prix,2016,PER,Pérez
7125,968,815,10,11,8,1:40.864,1:40.743,1:40.519,Abu Dhabi Grand Prix,2016,PER,Pérez
7150,969,815,10,11,11,1:25.064,1:25.081,\N,Australian Grand Prix,2017,PER,Pérez
7167,970,815,10,11,8,1:34.657,1:33.920,1:33.706,Chinese Grand Prix,2017,PER,Pérez
7197,971,815,10,11,18,1:32.318,\N,\N,Bahrain Grand Prix,2017,PER,Pérez
7208,972,815,10,11,9,1:36.185,1:35.513,1:35.337,Russian Grand Prix,2017,PER,Pérez
7227,973,815,10,11,8,1:21.998,1:21.239,1:21.070,Spanish Grand Prix,2017,PER,Pérez
7246,974,815,10,11,7,1:13.530,1:13.430,1:13.329,Monaco Grand Prix,2017,PER,Pérez
7267,975,815,10,11,8,1:13.470,1:13.262,1:13.018,Canadian Grand Prix,2017,PER,Pérez
7285,976,815,10,11,6,1:43.162,1:42.467,1:42.111,Azerbaijan Grand Prix,2017,PER,Pérez
7307,977,815,10,11,8,1:05.975,1:05.435,1:05.605,Austrian Grand Prix,2017,PER,Pérez
7326,978,815,10,11,7,1:42.009,1:29.824,1:28.902,British Grand Prix,2017,PER,Pérez
7353,979,815,10,11,14,1:19.095,1:18.639,\N,Hungarian Grand Prix,2017,PER,Pérez
7367,980,815,10,11,8,1:45.591,1:44.894,1:45.244,Belgian Grand Prix,2017,PER,Pérez
7390,981,815,10,11,11,1:38.511,1:37.582,\N,Italian Grand Prix,2017,PER,Pérez
7411,982,815,10,11,12,1:43.594,1:42.246,\N,Singapore Grand Prix,2017,PER,Pérez
7428,983,815,10,11,9,1:32.768,1:31.484,1:31.658,Malaysian Grand Prix,2017,PER,Pérez
7447,984,815,10,11,8,1:29.696,1:29.343,1:29.260,Japanese Grand Prix,2017,PER,Pérez
7469,985,815,10,11,10,1:36.358,1:34.789,1:35.148,United States Grand Prix,2017,PER,Pérez
7489,986,815,10,11,10,1:18.020,1:17.868,1:17.807,Mexican Grand Prix,2017,PER,Pérez
7504,987,815,10,11,6,1:10.145,1:09.760,1:09.598,Brazilian Grand Prix,2017,PER,Pérez
7527,988,815,10,11,8,1:38.601,1:38.359,1:38.374,Abu Dhabi Grand Prix,2017,PER,Pérez
7552,989,815,10,11,13,1:24.344,1:24.005,\N,Australian Grand Prix,2018,PER,Pérez
7571,990,815,10,11,12,1:30.218,1:30.156,\N,Bahrain Grand Prix,2018,PER,Pérez
7587,991,815,10,11,8,1:33.464,1:32.931,1:32.758,Chinese Grand Prix,2018,PER,Pérez
7607,992,815,10,11,8,1:43.992,1:43.366,1:42.547,Azerbaijan Grand Prix,2018,PER,Pérez
7634,993,815,10,11,15,1:18.740,1:19.098,\N,Spanish Grand Prix,2018,PER,Pérez
7646,994,815,10,11,9,1:12.848,1:12.194,1:12.154,Monaco Grand Prix,2018,PER,Pérez
7669,995,815,10,11,10,1:12.702,1:12.395,1:12.671,Canadian Grand Prix,2018,PER,Pérez
7692,996,815,10,11,13,1:32.692,1:32.454,\N,French Grand Prix,2018,PER,Pérez
7716,997,815,10,11,17,1:05.279,\N,\N,Austrian Grand Prix,2018,PER,Pérez
7731,998,815,10,11,12,1:28.210,1:27.928,\N,British Grand Prix,2018,PER,Pérez
7749,999,815,10,11,10,1:13.427,1:13.072,1:12.774,German Grand Prix,2018,PER,Pérez
7776,1000,815,10,11,19,1:19.200,\N,\N,Hungarian Grand Prix,2018,PER,Pérez
7783,1001,815,10,11,4,1:44.004,1:43.014,2:01.894,Belgian Grand Prix,2018,PER,Pérez
7815,1002,815,10,11,16,1:21.888,\N,\N,Italian Grand Prix,2018,PER,Pérez
7826,1003,815,10,11,7,1:38.814,1:38.342,1:37.985,Singapore Grand Prix,2018,PER,Pérez
7847,1004,815,10,11,8,1:34.084,1:33.923,1:33.563,Russian Grand Prix,2018,PER,Pérez
7869,1005,815,10,11,10,1:30.247,1:29.567,1:37.229,Japanese Grand Prix,2018,PER,Pérez
7889,1006,815,10,11,10,1:35.193,1:34.525,1:34.594,United States Grand Prix,2018,PER,Pérez
7911,1007,815,10,11,13,1:16.242,1:17.167,\N,Mexican Grand Prix,2018,PER,Pérez
7931,1008,815,10,11,12,1:09.217,1:08.741,\N,Brazilian Grand Prix,2018,PER,Pérez
7953,1009,815,10,11,14,1:37.255,1:37.541,\N,Abu Dhabi Grand Prix,2018,PER,Pérez
7969,1010,815,211,11,10,1:22.908,1:22.532,1:22.781,Australian Grand Prix,2019,PER,Pérez
7993,1011,815,211,11,14,1:29.893,1:29.756,\N,Bahrain Grand Prix,2019,PER,Pérez
8011,1012,815,211,11,12,1:34.026,1:33.299,\N,Chinese Grand Prix,2019,PER,Pérez
8022,1013,815,211,11,5,1:42.249,1:41.870,1:41.593,Azerbaijan Grand Prix,2019,PER,Pérez
8052,1014,815,211,11,15,1:18.286,1:17.886,\N,Spanish Grand Prix,2019,PER,Pérez
8074,1015,815,211,11,17,1:12.233,\N,\N,Monaco Grand Prix,2019,PER,Pérez
8093,1016,815,211,11,16,1:12.197,\N,\N,Canadian Grand Prix,2019,PER,Pérez
8111,1017,815,211,11,14,1:30.964,1:30.738,\N,French Grand Prix,2019,PER,Pérez
8133,1018,815,211,11,16,1:04.789,\N,\N,Austrian Grand Prix,2019,PER,Pérez
8152,1019,815,211,11,15,1:26.649,1:26.928,\N,British Grand Prix,2019,PER,Pérez
8165,1020,815,211,11,8,1:13.194,1:12.776,1:13.065,German Grand Prix,2019,PER,Pérez
8194,1021,815,211,11,17,1:17.109,\N,\N,Hungarian Grand Prix,2019,PER,Pérez
8206,1022,815,211,11,9,1:45.732,1:44.707,1:44.706,Belgian Grand Prix,2019,PER,Pérez
8234,1023,815,211,11,17,1:21.291,\N,\N,Italian Grand Prix,2019,PER,Pérez
8247,1024,815,211,11,10,1:39.909,1:38.520,\N,Singapore Grand Prix,2019,PER,Pérez
8269,1025,815,211,11,12,1:34.336,1:33.958,\N,Russian Grand Prix,2019,PER,Pérez
8294,1026,815,211,11,17,1:30.344,\N,\N,Japanese Grand Prix,2019,PER,Pérez
8308,1027,815,211,11,11,1:17.465,1:16.687,\N,Mexican Grand Prix,2019,PER,Pérez
8336,1028,815,211,11,19,1:35.808,\N,\N,United States Grand Prix,2019,PER,Pérez
8352,1029,815,211,11,15,1:09.288,1:09.035,\N,Brazilian Grand Prix,2019,PER,Pérez
8368,1030,815,211,11,11,1:36.961,1:37.055,\N,Abu Dhabi Grand Prix,2019,PER,Pérez
8383,1031,815,211,11,6,1:04.543,1:03.860,1:03.868,Austrian Grand Prix,2020,PER,Pérez
8414,1032,815,211,11,17,1:21.607,\N,\N,Styrian Grand Prix,2020,PER,Pérez
8420,1033,815,211,11,4,1:14.681,1:15.394,1:14.545,Hungarian Grand Prix,2020,PER,Pérez
8481,1036,815,211,11,4,1:17.117,1:16.936,1:16.482,Spanish Grand Prix,2020,PER,Pérez
8505,1037,815,211,11,8,1:43.349,1:42.670,1:42.532,Belgian Grand Prix,2020,PER,Pérez
8521,1038,815,211,11,4,1:20.048,1:19.718,1:19.720,Italian Grand Prix,2020,PER,Pérez
8543,1039,815,211,11,6,1:16.596,1:16.489,1:16.311,Tuscan Grand Prix,2020,PER,Pérez
8561,1040,815,211,11,4,1:33.704,1:33.038,1:32.317,Russian Grand Prix,2020,PER,Pérez
8586,1041,815,211,11,9,1:27.120,1:26.330,1:26.704,Eifel Grand Prix,2020,PER,Pérez
8619,1042,815,211,11,5,1:17.370,1:17.129,1:17.223,Portuguese Grand Prix,2020,PER,Pérez
8645,1043,815,211,11,11,1:15.407,1:15.061,\N,Emilia Romagna Grand Prix,2020,PER,Pérez
8657,1044,815,211,11,3,2:07.614,1:54.097,1:49.321,Turkish Grand Prix,2020,PER,Pérez
8679,1045,815,211,11,5,1:29.178,1:28.894,1:28.322,Bahrain Grand Prix,2020,PER,Pérez
8699,1046,815,211,11,5,0:54.236,0:53.787,0:53.790,Sakhir Grand Prix,2020,PER,Pérez
8729,1047,815,211,11,15,1:36.034,\N,\N,Abu Dhabi Grand Prix,2020,PER,Pérez
8745,1052,815,9,11,11,1:31.165,1:30.659,\N,Bahrain Grand Prix,2021,PER,Pérez
8756,1053,815,9,11,2,1:15.395,1:14.716,1:14.446,Emilia Romagna Grand Prix,2021,PER,Pérez
8778,1054,815,9,11,4,1:19.337,1:18.845,1:18.890,Portuguese Grand Prix,2021,PER,Pérez
8802,1055,815,9,11,8,1:18.203,1:17.669,1:17.701,Spanish Grand Prix,2021,PER,Pérez
8823,1056,815,9,11,9,1:11.644,1:11.019,1:11.573,Monaco Grand Prix,2021,PER,Pérez
8840,1057,815,9,11,7,1:41.968,1:41.630,1:41.917,Azerbaijan Grand Prix,2021,PER,Pérez
8857,1059,815,9,11,4,1:31.560,1:30.971,1:30.445,French Grand Prix,2021,PER,Pérez
8878,1058,815,9,11,5,1:04.638,1:04.197,1:04.168,Styrian Grand Prix,2021,PER,Pérez
8896,1060,815,9,11,3,1:04.833,1:04.483,1:03.990,Austrian Grand Prix,2021,PER,Pérez
8918,1061,815,9,11,5,1:27.121,1:27.073,1:26.844,British Grand Prix,2021,PER,Pérez
8937,1062,815,9,11,4,1:17.233,1:16.443,1:16.421,Hungarian Grand Prix,2021,PER,Pérez
8960,1063,815,9,11,7,1:59.334,1:56.886,2:02.112,Belgian Grand Prix,2021,PER,Pérez
8989,1064,815,9,11,16,1:10.530,\N,\N,Dutch Grand Prix,2021,PER,Pérez
9002,1065,815,9,11,9,1:21.308,1:20.882,1:20.611,Italian Grand Prix,2021,PER,Pérez
9022,1066,815,9,11,9,1:46.455,1:45.834,1:45.337,Russian Grand Prix,2021,PER,Pérez
9042,1067,815,9,11,7,1:24.963,1:23.961,1:23.706,Turkish Grand Prix,2021,PER,Pérez
9058,1069,815,9,11,3,1:34.369,1:34.178,1:33.134,United States Grand Prix,2021,PER,Pérez
9079,1070,815,9,11,4,1:17.003,1:17.055,1:16.342,Mexico City Grand Prix,2021,PER,Pérez
9099,1071,815,9,11,4,1:09.172,1:08.973,1:08.483,São Paulo Grand Prix,2021,PER,Pérez
9126,1051,815,9,11,11,1:22.398,1:22.346,\N,Qatar Grand Prix,2021,PER,Pérez
9140,1072,815,9,11,5,1:28.021,1:27.946,1:28.123,Saudi Arabian Grand Prix,2021,PER,Pérez
9159,1073,815,9,11,4,1:23.350,1:23.135,1:22.947,Abu Dhabi Grand Prix,2021,PER,Pérez
9179,1074,815,9,11,4,1:32.311,1:31.008,1:30.921,Bahrain Grand Prix,2022,PER,Pérez
9213,1075,815,9,11,1,1:29.705,1:28.924,1:28.200,Saudi Arabian Grand Prix,2022,PER,Pérez
9235,1076,815,9,11,3,1:18.834,1:18.340,1:18.240,Australian Grand Prix,2022,PER,Pérez
9259,1077,815,9,11,7,1:19.773,1:19.296,1:29.808,Emilia Romagna Grand Prix,2022,PER,Pérez
9276,1078,815,9,11,4,1:30.055,1:29.673,1:29.036,Miami Grand Prix,2022,PER,Pérez
9297,1079,815,9,11,5,1:20.447,1:19.830,1:19.420,Spanish Grand Prix,2022,PER,Pérez
9315,1080,815,9,11,3,1:13.004,1:11.954,1:11.629,Monaco Grand Prix,2022,PER,Pérez
9334,1081,815,9,11,2,1:42.733,1:41.955,1:41.641,Azerbaijan Grand Prix,2022,PER,Pérez
9365,1082,815,9,11,13,1:33.929,1:33.127,\N,Canadian Grand Prix,2022,PER,Pérez
9376,1083,815,9,11,4,1:40.521,1:42.513,1:41.616,British Grand Prix,2022,PER,Pérez
9405,1084,815,9,11,13,1:06.143,1:06.458,\N,Austrian Grand Prix,2022,PER,Pérez
9415,1085,815,9,11,3,1:32.354,1:32.120,1:31.335,French Grand Prix,2022,PER,Pérez
9443,1086,815,9,11,11,1:19.118,1:18.516,\N,Hungarian Grand Prix,2022,PER,Pérez
9455,1087,815,9,11,3,1:45.377,1:44.794,1:44.462,Belgian Grand Prix,2022,PER,Pérez
9477,1088,815,9,11,5,1:11.641,1:11.314,1:11.077,Dutch Grand Prix,2022,PER,Pérez
9496,1089,815,9,11,4,1:21.495,1:21.358,1:21.206,Italian Grand Prix,2022,PER,Pérez
9514,1091,815,9,11,2,1:54.404,1:52.818,1:49.434,Singapore Grand Prix,2022,PER,Pérez
9536,1092,815,9,11,4,1:30.622,1:29.925,1:29.709,Japanese Grand Prix,2022,PER,Pérez
9556,1093,815,9,11,4,1:36.163,1:35.864,1:34.645,United States Grand Prix,2022,PER,Pérez
9576,1094,815,9,11,4,1:19.706,1:18.615,1:18.128,Mexico City Grand Prix,2022,PER,Pérez
9601,1095,815,9,11,9,1:13.613,1:11.456,1:15.601,São Paulo Grand Prix,2022,PER,Pérez
9614,1096,815,9,11,2,1:24.820,1:24.419,1:24.052,Abu Dhabi Grand Prix,2022,PER,Pérez
9634,1098,815,9,11,2,1:31.479,1:30.746,1:29.846,Bahrain Grand Prix,2023,PER,Pérez
9653,1099,815,9,11,1,1:29.244,1:28.635,1:28.265,Saudi Arabian Grand Prix,2023,PER,Pérez
9692,1100,815,9,11,20,\N,\N,\N,Australian Grand Prix,2023,PER,Pérez
9695,1101,815,9,11,3,1:41.756,1:41.131,1:40.495,Azerbaijan Grand Prix,2023,PER,Pérez
9713,1102,815,9,11,1,1:27.713,1:27.328,1:26.841,Miami Grand Prix,2023,PER,Pérez
9752,1104,815,9,11,20,1:13.850,\N,\N,Monaco Grand Prix,2023,PER,Pérez
9763,1105,815,9,11,11,1:13.874,1:13.334,\N,Spanish Grand Prix,2023,PER,Pérez
9784,1106,815,9,11,12,1:22.151,1:20.959,\N,Canadian Grand Prix,2023,PER,Pérez
9807,1107,815,9,11,15,1:05.177,2:06.688,\N,Austrian Grand Prix,2023,PER,Pérez
9828,1108,815,9,11,16,1:29.968,\N,\N,British Grand Prix,2023,PER,Pérez
9841,1109,815,9,11,9,1:18.360,1:17.675,1:17.045,Hungarian Grand Prix,2023,PER,Pérez
9855,1110,815,9,11,3,1:58.899,1:52.353,1:47.045,Belgian Grand Prix,2023,PER,Pérez
9879,1111,815,9,11,7,1:21.972,1:19.856,1:11.880,Dutch Grand Prix,2023,PER,Pérez
9897,1112,815,9,11,5,1:21.911,1:21.240,1:20.688,Italian Grand Prix,2023,PER,Pérez
9925,1113,815,9,11,13,1:32.099,1:32.310,\N,Singapore Grand Prix,2023,PER,Pérez
9937,1114,815,9,11,5,1:30.652,1:29.965,1:29.650,Japanese Grand Prix,2023,PER,Pérez
9965,1115,815,9,11,13,1:25.991,1:25.462,\N,Qatar Grand Prix,2023,PER,Pérez
9981,1116,815,9,11,9,1:35.989,1:35.679,1:35.173,United States Grand Prix,2023,PER,Pérez
9997,1117,815,9,11,5,1:18.553,1:18.124,1:17.423,Mexico City Grand Prix,2023,PER,Pérez
10021,1118,815,9,11,9,1:10.668,1:10.219,1:12.321,São Paulo Grand Prix,2023,PER,Pérez
10044,1119,815,9,11,12,1:34.574,1:33.855,\N,Las Vegas Grand Prix,2023,PER,Pérez
10061,1120,815,9,11,9,1:24.209,1:24.116,1:24.171,Abu Dhabi Grand Prix,2023,PER,Pérez
10077,1121,815,9,11,5,1:30.221,1:29.932,1:29.537,Bahrain Grand Prix,2024,PER,Pérez
10095,1122,815,9,11,3,1:28.638,1:28.467,1:27.807,Saudi Arabian Grand Prix,2024,PER,Pérez
10115,1123,815,9,11,3,1:16.805,1:16.631,1:16.274,Australian Grand Prix,2024,PER,Pérez
10133,1124,815,9,11,2,1:29.303,1:28.752,1:28.263,Japanese Grand Prix,2024,PER,Pérez
10153,1125,815,9,11,2,1:35.457,1:34.026,1:33.982,Chinese Grand Prix,2024,PER,Pérez
10175,1126,815,9,11,4,1:27.772,1:27.839,1:27.460,Miami Grand Prix,2024,PER,Pérez
10202,1127,815,9,11,11,1:16.404,1:15.706,,Emilia Romagna Grand Prix,2024,PER,Pérez
10229,1128,815,9,11,18,1:12.060,\N,\N,Monaco Grand Prix,2024,PER,Pérez
10247,1129,815,9,11,16,1:13.326,\N,\N,Canadian Grand Prix,2024,PER,Pérez
10259,1130,815,9,11,8,1:12.477,1:12.054,1:12.061,Spanish Grand Prix,2024,PER,Pérez
10279,1131,815,9,11,8,1:05.587,1:05.144,1:05.202,Austrian Grand Prix,2024,PER,Pérez
10310,1132,815,9,11,19,1:38.348,\N,\N,British Grand Prix,2024,PER,Pérez
6320,926,830,5,33,12,1:29.248,1:28.868,\N,Australian Grand Prix,2015,VER,Verstappen
6332,927,830,5,33,6,1:40.793,1:41.430,1:51.981,Malaysian Grand Prix,2015,VER,Verstappen
6358,928,830,5,33,13,1:38.387,1:38.393,\N,Chinese Grand Prix,2015,VER,Verstappen
6380,929,830,5,33,15,1:35.611,1:35.103,\N,Bahrain Grand Prix,2015,VER,Verstappen
6390,930,830,5,33,6,1:27.393,1:26.441,1:26.249,Spanish Grand Prix,2015,VER,Verstappen
6414,931,830,5,33,10,1:16.750,1:16.546,1:16.957,Monaco Grand Prix,2015,VER,Verstappen
6436,932,830,5,33,12,1:16.361,1:16.245,\N,Canadian Grand Prix,2015,VER,Verstappen
6450,933,830,5,33,7,1:11.307,1:09.631,1:09.612,Austrian Grand Prix,2015,VER,Verstappen
6476,934,830,5,33,13,1:34.819,1:34.502,\N,British Grand Prix,2015,VER,Verstappen
6492,936,830,5,33,9,1:24.032,1:23.781,1:23.679,Hungarian Grand Prix,2015,VER,Verstappen
6518,937,830,5,33,15,1:49.831,\N,\N,Belgian Grand Prix,2015,VER,Verstappen
6543,938,830,5,33,20,\N,\N,\N,Italian Grand Prix,2015,VER,Verstappen
6551,939,830,5,33,8,1:46.483,1:45.635,1:45.798,Singapore Grand Prix,2015,VER,Verstappen
6578,940,830,5,33,15,1:34.522,\N,\N,Japanese Grand Prix,2015,VER,Verstappen
6592,941,830,5,33,9,1:39.411,1:39.119,1:38.924,Russian Grand Prix,2015,VER,Verstappen
6612,942,830,5,33,10,1:58.689,2:00.199,\N,United States Grand Prix,2015,VER,Verstappen
6630,943,830,5,33,8,1:20.995,1:20.894,1:20.710,Mexican Grand Prix,2015,VER,Verstappen
6652,944,830,5,33,10,1:12.824,1:12.712,1:12.739,Brazilian Grand Prix,2015,VER,Verstappen
6673,945,830,5,33,11,1:42.889,1:42.521,\N,Abu Dhabi Grand Prix,2015,VER,Verstappen
6687,948,830,5,33,5,1:26.934,1:25.615,1:25.434,Australian Grand Prix,2016,VER,Verstappen
6714,949,830,5,33,10,1:31.888,1:31.772,\N,Bahrain Grand Prix,2016,VER,Verstappen
6735,950,830,5,33,9,1:38.181,1:37.265,1:37.194,Chinese Grand Prix,2016,VER,Verstappen
6757,951,830,5,33,9,1:38.123,1:37.510,1:37.583,Russian Grand Prix,2016,VER,Verstappen
6774,952,830,9,33,4,1:23.578,1:23.178,1:23.087,Spanish Grand Prix,2016,VER,Verstappen
6813,953,830,9,33,21,1:22.467,\N,\N,Monaco Grand Prix,2016,VER,Verstappen
6819,954,830,9,33,5,1:14.601,1:13.793,1:13.414,Canadian Grand Prix,2016,VER,Verstappen
6844,955,830,9,33,9,1:44.939,1:44.387,1:45.570,European Grand Prix,2016,VER,Verstappen
6866,956,830,9,33,9,1:07.131,1:06.866,1:11.153,Austrian Grand Prix,2016,VER,Verstappen
6882,957,830,9,33,3,1:31.305,1:30.697,1:30.313,British Grand Prix,2016,VER,Verstappen
6904,958,830,9,33,4,1:40.424,1:22.660,1:20.557,Hungarian Grand Prix,2016,VER,Verstappen
6926,959,830,9,33,4,1:15.875,1:15.124,1:14.834,German Grand Prix,2016,VER,Verstappen
6946,960,830,9,33,2,1:48.407,1:47.163,1:46.893,Belgian Grand Prix,2016,VER,Verstappen
6972,961,830,9,33,7,1:23.229,1:22.857,1:22.411,Italian Grand Prix,2016,VER,Verstappen
6990,962,830,9,33,4,1:45.036,1:44.112,1:43.328,Singapore Grand Prix,2016,VER,Verstappen
7011,963,830,9,33,3,1:35.443,1:33.775,1:33.420,Malaysian Grand Prix,2016,VER,Verstappen
7035,964,830,9,33,5,1:32.487,1:31.489,1:31.178,Japanese Grand Prix,2016,VER,Verstappen
7056,965,830,9,33,4,1:36.613,1:36.857,1:35.747,United States Grand Prix,2016,VER,Verstappen
7077,966,830,9,33,3,1:19.874,1:18.972,1:19.054,Mexican Grand Prix,2016,VER,Verstappen
7099,967,830,9,33,4,1:11.957,1:11.834,1:11.485,Brazilian Grand Prix,2016,VER,Verstappen
7123,968,830,9,33,6,1:40.424,1:39.903,1:39.818,Abu Dhabi Grand Prix,2016,VER,Verstappen
7144,969,830,9,33,5,1:24.482,1:24.092,1:23.485,Australian Grand Prix,2017,VER,Verstappen
7178,970,830,9,33,19,1:35.433,\N,\N,Chinese Grand Prix,2017,VER,Verstappen
7185,971,830,9,33,6,1:30.904,1:30.307,1:29.687,Bahrain Grand Prix,2017,VER,Verstappen
7206,972,830,9,33,7,1:35.301,1:35.221,1:35.161,Russian Grand Prix,2017,VER,Verstappen
7224,973,830,9,33,5,1:21.430,1:20.722,1:19.706,Spanish Grand Prix,2017,VER,Verstappen
7243,974,830,9,33,4,1:13.078,1:12.697,1:12.496,Monaco Grand Prix,2017,VER,Verstappen
7264,975,830,9,33,5,1:13.177,1:12.751,1:12.403,Canadian Grand Prix,2017,VER,Verstappen
7284,976,830,9,33,5,1:42.544,1:41.961,1:41.879,Azerbaijan Grand Prix,2017,VER,Verstappen
7305,977,830,9,33,6,1:05.779,1:04.948,1:04.983,Austrian Grand Prix,2017,VER,Verstappen
7324,978,830,9,33,5,1:38.912,1:29.431,1:28.130,British Grand Prix,2017,VER,Verstappen
7344,979,830,9,33,5,1:17.266,1:17.028,1:16.797,Hungarian Grand Prix,2017,VER,Verstappen
7364,980,830,9,33,5,1:44.535,1:43.940,1:43.380,Belgian Grand Prix,2017,VER,Verstappen
7381,981,830,9,33,2,1:37.344,1:36.113,1:36.702,Italian Grand Prix,2017,VER,Verstappen
7401,982,830,9,33,2,1:42.010,1:40.332,1:39.814,Singapore Grand Prix,2017,VER,Verstappen
7422,983,830,9,33,3,1:31.920,1:30.931,1:30.541,Malaysian Grand Prix,2017,VER,Verstappen
7444,984,830,9,33,5,1:29.181,1:28.747,1:28.332,Japanese Grand Prix,2017,VER,Verstappen
7465,985,830,9,33,6,1:34.899,1:34.716,1:33.658,United States Grand Prix,2017,VER,Verstappen
7481,986,830,9,33,2,1:17.630,1:16.524,1:16.574,Mexican Grand Prix,2017,VER,Verstappen
7502,987,830,9,33,4,1:09.820,1:09.050,1:08.925,Brazilian Grand Prix,2017,VER,Verstappen
7525,988,830,9,33,6,1:38.021,1:37.777,1:37.328,Abu Dhabi Grand Prix,2017,VER,Verstappen
7543,989,830,9,33,4,1:23.483,1:22.416,1:21.879,Australian Grand Prix,2018,VER,Verstappen
7574,990,830,9,33,15,1:29.374,\N,\N,Bahrain Grand Prix,2018,VER,Verstappen
7584,991,830,9,33,5,1:32.932,1:32.809,1:31.796,Chinese Grand Prix,2018,VER,Verstappen
7604,992,830,9,33,5,1:42.642,1:42.901,1:41.994,Azerbaijan Grand Prix,2018,VER,Verstappen
7624,993,830,9,33,5,1:17.411,1:17.266,1:16.816,Spanish Grand Prix,2018,VER,Verstappen
7656,994,830,9,33,20,\N,\N,\N,Monaco Grand Prix,2018,VER,Verstappen
7662,995,830,9,33,3,1:12.008,1:11.472,1:10.937,Canadian Grand Prix,2018,VER,Verstappen
7683,996,830,9,33,4,1:31.531,1:30.818,1:30.705,French Grand Prix,2018,VER,Verstappen
7704,997,830,9,33,5,1:04.273,1:04.001,1:03.840,Austrian Grand Prix,2018,VER,Verstappen
7724,998,830,9,33,5,1:27.309,1:27.013,1:26.602,British Grand Prix,2018,VER,Verstappen
7743,999,830,9,33,4,1:13.127,1:12.188,1:11.822,German Grand Prix,2018,VER,Verstappen
7764,1000,830,9,33,7,1:16.940,1:31.178,1:38.032,Hungarian Grand Prix,2018,VER,Verstappen
7786,1001,830,9,33,7,1:43.199,1:42.554,2:02.769,Belgian Grand Prix,2018,VER,Verstappen
7804,1002,830,9,33,5,1:21.381,1:20.333,1:20.615,Italian Grand Prix,2018,VER,Verstappen
7821,1003,830,9,33,2,1:38.751,1:37.214,1:36.334,Singapore Grand Prix,2018,VER,Verstappen
7850,1004,830,9,33,11,1:33.048,\N,\N,Russian Grand Prix,2018,VER,Verstappen
7862,1005,830,9,33,3,1:29.480,1:28.849,1:29.057,Japanese Grand Prix,2018,VER,Verstappen
7894,1006,830,9,33,15,1:34.766,\N,\N,United States Grand Prix,2018,VER,Verstappen
7901,1007,830,9,33,2,1:15.756,1:15.640,1:14.785,Mexican Grand Prix,2018,VER,Verstappen
7924,1008,830,9,33,5,1:08.205,1:08.017,1:07.778,Brazilian Grand Prix,2018,VER,Verstappen
7945,1009,830,9,33,6,1:37.195,1:36.144,1:35.589,Abu Dhabi Grand Prix,2018,VER,Verstappen
7963,1010,830,9,33,4,1:22.876,1:21.678,1:21.320,Australian Grand Prix,2019,VER,Verstappen
7984,1011,830,9,33,5,1:29.579,1:29.109,1:28.752,Bahrain Grand Prix,2019,VER,Verstappen
8004,1012,830,9,33,5,1:33.274,1:32.369,1:32.089,Chinese Grand Prix,2019,VER,Verstappen
8021,1013,830,9,33,4,1:41.727,1:41.388,1:41.069,Azerbaijan Grand Prix,2019,VER,Verstappen
8041,1014,830,9,33,4,1:17.244,1:16.726,1:16.357,Spanish Grand Prix,2019,VER,Verstappen
8060,1015,830,9,33,3,1:11.597,1:10.618,1:10.641,Monaco Grand Prix,2019,VER,Verstappen
8088,1016,830,9,33,11,1:11.619,1:11.800,\N,Canadian Grand Prix,2019,VER,Verstappen
8101,1017,830,9,33,4,1:31.327,1:30.099,1:29.409,French Grand Prix,2019,VER,Verstappen
8120,1018,830,9,33,3,1:03.807,1:03.835,1:03.439,Austrian Grand Prix,2019,VER,Verstappen
8141,1019,830,9,33,4,1:25.700,1:25.848,1:25.276,British Grand Prix,2019,VER,Verstappen
8159,1020,830,9,33,2,1:12.593,1:12.427,1:12.113,German Grand Prix,2019,VER,Verstappen
8178,1021,830,9,33,1,1:15.817,1:15.573,1:14.572,Hungarian Grand Prix,2019,VER,Verstappen
8202,1022,830,9,33,5,1:44.622,1:44.132,1:43.690,Belgian Grand Prix,2019,VER,Verstappen
8237,1023,830,9,33,20,\N,\N,\N,Italian Grand Prix,2019,VER,Verstappen
8241,1024,830,9,33,4,1:38.540,1:37.089,1:36.813,Singapore Grand Prix,2019,VER,Verstappen
8261,1025,830,9,33,4,1:33.368,1:32.634,1:32.310,Russian Grand Prix,2019,VER,Verstappen
8282,1026,830,9,33,5,1:28.754,1:28.499,1:27.851,Japanese Grand Prix,2019,VER,Verstappen
8298,1027,830,9,33,1,1:15.949,1:16.136,1:14.758,Mexican Grand Prix,2019,VER,Verstappen
8320,1028,830,9,33,3,1:33.549,1:33.120,1:32.096,United States Grand Prix,2019,VER,Verstappen
8338,1029,830,9,33,1,1:08.242,1:07.503,1:07.508,Brazilian Grand Prix,2019,VER,Verstappen
8360,1030,830,9,33,3,1:36.390,1:36.275,1:35.139,Abu Dhabi Grand Prix,2019,VER,Verstappen
8380,1031,830,9,33,3,1:04.024,1:04.000,1:03.477,Austrian Grand Prix,2020,VER,Verstappen
8399,1032,830,9,33,2,1:18.297,1:17.938,1:20.489,Styrian Grand Prix,2020,VER,Verstappen
8423,1033,830,9,33,7,1:15.495,1:14.976,1:14.849,Hungarian Grand Prix,2020,VER,Verstappen
8440,1034,830,9,33,3,1:26.115,1:26.144,1:25.325,British Grand Prix,2020,VER,Verstappen
8461,1035,830,9,33,4,1:27.154,1:26.779,1:26.176,70th Anniversary Grand Prix,2020,VER,Verstappen
8480,1036,830,9,33,3,1:17.213,1:16.518,1:16.292,Spanish Grand Prix,2020,VER,Verstappen
8500,1037,830,9,33,3,1:43.197,1:42.473,1:41.778,Belgian Grand Prix,2020,VER,Verstappen
8522,1038,830,9,33,5,1:20.193,1:19.780,1:19.795,Italian Grand Prix,2020,VER,Verstappen
8540,1039,830,9,33,3,1:16.335,1:15.471,1:15.509,Tuscan Grand Prix,2020,VER,Verstappen
8559,1040,830,9,33,2,1:33.630,1:33.157,1:31.867,Russian Grand Prix,2020,VER,Verstappen
8580,1041,830,9,33,3,1:26.319,1:25.467,1:25.562,Eifel Grand Prix,2020,VER,Verstappen
8617,1042,830,9,33,3,1:16.879,1:17.038,1:16.904,Portuguese Grand Prix,2020,VER,Verstappen
8637,1043,830,9,33,3,1:15.034,1:14.974,1:14.176,Emilia Romagna Grand Prix,2020,VER,Verstappen
8656,1044,830,9,33,2,1:57.485,1:50.293,1:48.055,Turkish Grand Prix,2020,VER,Verstappen
8677,1045,830,9,33,3,1:28.885,1:28.025,1:27.678,Bahrain Grand Prix,2020,VER,Verstappen
8697,1046,830,9,33,3,0:54.037,0:53.647,0:53.433,Sakhir Grand Prix,2020,VER,Verstappen
8715,1047,830,9,33,1,1:35.993,1:35.641,1:35.246,Abu Dhabi Grand Prix,2020,VER,Verstappen
8735,1052,830,9,33,1,1:30.499,1:30.318,1:28.997,Bahrain Grand Prix,2021,VER,Verstappen
8757,1053,830,9,33,3,1:15.109,1:14.884,1:14.498,Emilia Romagna Grand Prix,2021,VER,Verstappen
8777,1054,830,9,33,3,1:19.485,1:18.650,1:18.746,Portuguese Grand Prix,2021,VER,Verstappen
8796,1055,830,9,33,2,1:18.090,1:16.922,1:16.777,Spanish Grand Prix,2021,VER,Verstappen
8816,1056,830,9,33,2,1:11.124,1:10.650,1:10.576,Monaco Grand Prix,2021,VER,Verstappen
8836,1057,830,9,33,3,1:41.760,1:41.625,1:41.563,Azerbaijan Grand Prix,2021,VER,Verstappen
8854,1059,830,9,33,1,1:31.001,1:31.080,1:29.990,French Grand Prix,2021,VER,Verstappen
8874,1058,830,9,33,1,1:04.489,1:04.433,1:03.841,Styrian Grand Prix,2021,VER,Verstappen
8894,1060,830,9,33,1,1:04.249,1:03.927,1:03.720,Austrian Grand Prix,2021,VER,Verstappen
8915,1061,830,9,33,2,1:26.751,1:26.315,1:26.209,British Grand Prix,2021,VER,Verstappen
8936,1062,830,9,33,3,1:16.214,1:15.650,1:15.840,Hungarian Grand Prix,2021,VER,Verstappen
8954,1063,830,9,33,1,1:58.717,1:56.559,1:59.765,Belgian Grand Prix,2021,VER,Verstappen
8974,1064,830,9,33,1,1:10.036,1:09.071,1:08.885,Dutch Grand Prix,2021,VER,Verstappen
8996,1065,830,9,33,3,1:21.035,1:20.229,1:19.966,Italian Grand Prix,2021,VER,Verstappen
9033,1066,830,9,33,20,\N,\N,\N,Russian Grand Prix,2021,VER,Verstappen
9038,1067,830,9,33,3,1:24.592,1:23.732,1:23.196,Turkish Grand Prix,2021,VER,Verstappen
9056,1069,830,9,33,1,1:34.352,1:33.464,1:32.910,United States Grand Prix,2021,VER,Verstappen
9078,1070,830,9,33,3,1:16.788,1:16.483,1:16.225,Mexico City Grand Prix,2021,VER,Verstappen
9097,1071,830,9,33,2,1:09.329,1:08.499,1:08.372,São Paulo Grand Prix,2021,VER,Verstappen
9117,1051,830,9,33,2,1:21.996,1:21.984,1:21.282,Qatar Grand Prix,2021,VER,Verstappen
9138,1072,830,9,33,3,1:28.285,1:27.953,1:27.653,Saudi Arabian Grand Prix,2021,VER,Verstappen
9156,1073,830,9,33,1,1:23.322,1:22.800,1:22.109,Abu Dhabi Grand Prix,2021,VER,Verstappen
9177,1074,830,9,1,2,1:31.785,1:30.757,1:30.681,Bahrain Grand Prix,2022,VER,Verstappen
9216,1075,830,9,1,4,1:28.928,1:28.945,1:28.461,Saudi Arabian Grand Prix,2022,VER,Verstappen
9234,1076,830,9,1,2,1:18.580,1:18.611,1:18.154,Australian Grand Prix,2022,VER,Verstappen
9253,1077,830,9,1,1,1:19.295,1:18.793,1:27.999,Emilia Romagna Grand Prix,2022,VER,Verstappen
9275,1078,830,9,1,3,1:29.836,1:29.202,1:28.991,Miami Grand Prix,2022,VER,Verstappen
9294,1079,830,9,1,2,1:20.091,1:19.219,1:19.073,Spanish Grand Prix,2022,VER,Verstappen
9316,1080,830,9,1,4,1:12.993,1:12.117,1:11.666,Monaco Grand Prix,2022,VER,Verstappen
9335,1081,830,9,1,3,1:42.722,1:42.227,1:41.706,Azerbaijan Grand Prix,2022,VER,Verstappen
9353,1082,830,9,1,1,1:32.219,1:23.746,1:21.299,Canadian Grand Prix,2022,VER,Verstappen
9374,1083,830,9,1,2,1:39.129,1:40.655,1:41.055,British Grand Prix,2022,VER,Verstappen
9393,1084,830,9,1,1,1:05.852,1:05.374,1:04.984,Austrian Grand Prix,2022,VER,Verstappen
9414,1085,830,9,1,2,1:31.891,1:31.990,1:31.176,French Grand Prix,2022,VER,Verstappen
9442,1086,830,9,1,10,1:18.509,1:17.703,1:18.823,Hungarian Grand Prix,2022,VER,Verstappen
9453,1087,830,9,1,1,1:44.581,1:44.723,1:43.665,Belgian Grand Prix,2022,VER,Verstappen
9473,1088,830,9,1,1,1:11.317,1:10.927,1:10.342,Dutch Grand Prix,2022,VER,Verstappen
9494,1089,830,9,1,2,1:20.922,1:21.265,1:20.306,Italian Grand Prix,2022,VER,Verstappen
9520,1091,830,9,1,8,1:53.057,1:52.723,1:51.395,Singapore Grand Prix,2022,VER,Verstappen
9533,1092,830,9,1,1,1:30.224,1:30.346,1:29.304,Japanese Grand Prix,2022,VER,Verstappen
9555,1093,830,9,1,3,1:35.864,1:35.294,1:34.448,United States Grand Prix,2022,VER,Verstappen
9573,1094,830,9,1,1,1:19.222,1:18.566,1:17.775,Mexico City Grand Prix,2022,VER,Verstappen
9594,1095,830,9,1,2,1:13.625,1:10.881,1:11.877,São Paulo Grand Prix,2022,VER,Verstappen
9613,1096,830,9,1,1,1:24.754,1:24.622,1:23.824,Abu Dhabi Grand Prix,2022,VER,Verstappen
9633,1098,830,9,1,1,1:31.295,1:30.503,1:29.708,Bahrain Grand Prix,2023,VER,Verstappen
9667,1099,830,9,1,15,1:28.761,1:49.953,\N,Saudi Arabian Grand Prix,2023,VER,Verstappen
9673,1100,830,9,1,1,1:17.384,1:17.056,1:16.732,Australian Grand Prix,2023,VER,Verstappen
9694,1101,830,9,1,2,1:41.398,1:40.822,1:40.391,Azerbaijan Grand Prix,2023,VER,Verstappen
9721,1102,830,9,1,9,1:27.363,1:26.814,\N,Miami Grand Prix,2023,VER,Verstappen
9733,1104,830,9,1,1,1:12.386,1:11.908,1:11.365,Monaco Grand Prix,2023,VER,Verstappen
9753,1105,830,9,1,1,1:13.615,1:12.760,1:12.272,Spanish Grand Prix,2023,VER,Verstappen
9773,1106,830,9,1,1,1:20.851,1:19.092,1:25.858,Canadian Grand Prix,2023,VER,Verstappen
9793,1107,830,9,1,1,1:05.116,1:04.951,1:04.391,Austrian Grand Prix,2023,VER,Verstappen
9813,1108,830,9,1,1,1:29.428,1:27.702,1:26.720,British Grand Prix,2023,VER,Verstappen
9834,1109,830,9,1,2,1:18.318,1:17.547,1:16.612,Hungarian Grand Prix,2023,VER,Verstappen
9853,1110,830,9,1,1,1:58.515,1:52.784,1:46.168,Belgian Grand Prix,2023,VER,Verstappen
9873,1111,830,9,1,1,1:20.965,1:18.856,1:10.567,Dutch Grand Prix,2023,VER,Verstappen
9894,1112,830,9,1,2,1:21.573,1:20.937,1:20.307,Italian Grand Prix,2023,VER,Verstappen
9923,1113,830,9,1,11,1:32.398,1:32.173,\N,Singapore Grand Prix,2023,VER,Verstappen
9933,1114,830,9,1,1,1:29.878,1:29.964,1:28.877,Japanese Grand Prix,2023,VER,Verstappen
9953,1115,830,9,1,1,1:25.007,1:24.483,1:23.778,Qatar Grand Prix,2023,VER,Verstappen
9978,1116,830,9,1,6,1:35.346,1:35.008,1:35.081,United States Grand Prix,2023,VER,Verstappen
9995,1117,830,9,1,3,1:18.099,1:17.625,1:17.263,Mexico City Grand Prix,2023,VER,Verstappen
10013,1118,830,9,1,1,1:10.436,1:10.162,1:10.727,São Paulo Grand Prix,2023,VER,Verstappen
10035,1119,830,9,1,3,1:34.190,1:33.572,1:33.104,Las Vegas Grand Prix,2023,VER,Verstappen
10053,1120,830,9,1,1,1:24.160,1:23.740,1:23.445,Abu Dhabi Grand Prix,2023,VER,Verstappen
10073,1121,830,9,1,1,1:30.031,1:29.374,1:29.179,Bahrain Grand Prix,2024,VER,Verstappen
10093,1122,830,9,1,1,1:28.171,1:28.033,1:27.472,Saudi Arabian Grand Prix,2024,VER,Verstappen
10113,1123,830,9,1,1,1:16.819,1:16.387,1:15.915,Australian Grand Prix,2024,VER,Verstappen
10132,1124,830,9,1,1,1:28.866,1:28.740,1:28.197,Japanese Grand Prix,2024,VER,Verstappen
10152,1125,830,9,1,1,1:34.742,1:33.794,1:33.660,Chinese Grand Prix,2024,VER,Verstappen
10172,1126,830,9,1,1,1:27.689,1:27.566,1:27.241,Miami Grand Prix,2024,VER,Verstappen
10192,1127,830,9,1,1,1:15.762,1:15.176,1:14.746,Emilia Romagna Grand Prix,2024,VER,Verstappen
10217,1128,830,9,1,6,1:11.711,1:10.745,1:10.567,Monaco Grand Prix,2024,VER,Verstappen
10233,1129,830,9,1,2,1:12.360,1:12.549,1:12.000,Canadian Grand Prix,2024,VER,Verstappen
10253,1130,830,9,1,2,1:12.306,1:11.653,1:11.403,Spanish Grand Prix,2024,VER,Verstappen
10272,1131,830,9,1,1,1:05.336,1:04.469,1:04.314,Austrian Grand Prix,2024,VER,Verstappen
10295,1132,830,9,1,4,1:31.342,1:26.796,1:26.203,British Grand Prix,2024,VER,Verstappen
7434,983,842,5,10,15,1:32.547,1:32.558,\N,Malaysian Grand Prix,2017,GAS,Gasly
7456,984,842,5,10,17,1:31.317,\N,\N,Japanese Grand Prix,2017,GAS,Gasly
7515,987,842,5,10,17,1:10.686,\N,\N,Brazilian Grand Prix,2017,GAS,Gasly
7536,988,842,5,10,17,1:39.724,\N,\N,Abu Dhabi Grand Prix,2017,GAS,Gasly
7559,989,842,5,10,20,1:25.295,\N,\N,Australian Grand Prix,2018,GAS,Gasly
7565,990,842,5,10,6,1:30.121,1:29.836,1:29.329,Bahrain Grand Prix,2018,GAS,Gasly
7596,991,842,5,10,17,1:34.101,\N,\N,Chinese Grand Prix,2018,GAS,Gasly
7616,992,842,5,10,17,1:44.496,\N,\N,Azerbaijan Grand Prix,2018,GAS,Gasly
7631,993,842,5,10,12,1:18.550,1:18.463,\N,Spanish Grand Prix,2018,GAS,Gasly
7647,994,842,5,10,10,1:12.941,1:12.313,1:12.221,Monaco Grand Prix,2018,GAS,Gasly
7673,995,842,5,10,16,1:13.047,\N,\N,Canadian Grand Prix,2018,GAS,Gasly
7693,996,842,5,10,14,1:32.447,1:32.460,\N,French Grand Prix,2018,GAS,Gasly
7711,997,842,5,10,12,1:05.011,1:04.874,\N,Austrian Grand Prix,2018,GAS,Gasly
7733,998,842,5,10,14,1:28.399,1:28.343,\N,British Grand Prix,2018,GAS,Gasly
7756,999,842,5,10,17,1:13.749,\N,\N,German Grand Prix,2018,GAS,Gasly
7763,1000,842,5,10,6,1:18.577,1:31.286,1:37.591,Hungarian Grand Prix,2018,GAS,Gasly
7790,1001,842,5,10,11,1:44.221,1:43.844,\N,Belgian Grand Prix,2018,GAS,Gasly
7808,1002,842,5,10,9,1:21.834,1:21.667,1:21.350,Italian Grand Prix,2018,GAS,Gasly
7834,1003,842,5,10,15,1:39.614,1:39.691,\N,Singapore Grand Prix,2018,GAS,Gasly
7852,1004,842,5,10,13,1:34.383,\N,\N,Russian Grand Prix,2018,GAS,Gasly
7866,1005,842,5,10,7,1:30.137,1:29.810,1:30.093,Japanese Grand Prix,2018,GAS,Gasly
7892,1006,842,5,10,13,1:34.850,\N,\N,United States Grand Prix,2018,GAS,Gasly
7913,1007,842,5,10,15,1:16.828,\N,\N,Mexican Grand Prix,2018,GAS,Gasly
7929,1008,842,5,10,10,1:09.046,1:08.616,1:09.029,Brazilian Grand Prix,2018,GAS,Gasly
7956,1009,842,5,10,17,1:38.166,\N,\N,Abu Dhabi Grand Prix,2018,GAS,Gasly
7976,1010,842,9,10,17,1:23.020,\N,\N,Australian Grand Prix,2019,GAS,Gasly
7992,1011,842,9,10,13,1:29.900,1:29.526,\N,Bahrain Grand Prix,2019,GAS,Gasly
8005,1012,842,9,10,6,1:33.863,1:32.948,1:32.930,Chinese Grand Prix,2019,GAS,Gasly
8037,1013,842,9,10,20,\N,\N,\N,Azerbaijan Grand Prix,2019,GAS,Gasly
8043,1014,842,9,10,6,1:17.862,1:16.932,1:16.708,Spanish Grand Prix,2019,GAS,Gasly
8062,1015,842,9,10,5,1:11.740,1:11.457,1:11.041,Monaco Grand Prix,2019,GAS,Gasly
8082,1016,842,9,10,5,1:12.023,1:11.196,1:11.079,Canadian Grand Prix,2019,GAS,Gasly
8106,1017,842,9,10,9,1:31.152,1:30.421,1:30.184,French Grand Prix,2019,GAS,Gasly
8126,1018,842,9,10,9,1:04.412,1:03.988,1:04.199,Austrian Grand Prix,2019,GAS,Gasly
8142,1019,842,9,10,5,1:26.273,1:26.038,1:25.590,British Grand Prix,2019,GAS,Gasly
8161,1020,842,9,10,4,1:12.991,1:12.385,1:12.522,German Grand Prix,2019,GAS,Gasly
8183,1021,842,9,10,6,1:16.716,1:16.393,1:15.450,Hungarian Grand Prix,2019,GAS,Gasly
8213,1022,842,5,10,16,1:46.435,\N,\N,Belgian Grand Prix,2019,GAS,Gasly
8232,1023,842,5,10,15,1:20.508,1:21.125,\N,Italian Grand Prix,2019,GAS,Gasly
8249,1024,842,5,10,12,1:39.085,1:38.699,\N,Singapore Grand Prix,2019,GAS,Gasly
8268,1025,842,5,10,11,1:34.456,1:33.950,\N,Russian Grand Prix,2019,GAS,Gasly
8286,1026,842,5,10,9,1:29.411,1:28.779,1:28.836,Japanese Grand Prix,2019,GAS,Gasly
8307,1027,842,5,10,10,1:17.065,1:16.679,1:16.586,Mexican Grand Prix,2019,GAS,Gasly
8327,1028,842,5,10,10,1:33.556,1:33.715,1:33.601,United States Grand Prix,2019,GAS,Gasly
8344,1029,842,5,10,7,1:08.909,1:08.770,1:08.837,Brazilian Grand Prix,2019,GAS,Gasly
8369,1030,842,5,10,12,1:37.198,1:37.089,\N,Abu Dhabi Grand Prix,2019,GAS,Gasly
8389,1031,842,213,10,12,1:04.603,1:04.305,\N,Austrian Grand Prix,2020,GAS,Gasly
8405,1032,842,213,10,8,1:20.192,1:18.744,1:21.028,Styrian Grand Prix,2020,GAS,Gasly
8426,1033,842,213,10,10,1:15.767,1:15.508,\N,Hungarian Grand Prix,2020,GAS,Gasly
8448,1034,842,213,10,11,1:26.343,1:26.501,\N,British Grand Prix,2020,GAS,Gasly
8464,1035,842,213,10,7,1:27.154,1:26.523,1:26.534,70th Anniversary Grand Prix,2020,GAS,Gasly
8487,1036,842,213,10,10,1:17.356,1:16.800,1:17.136,Spanish Grand Prix,2020,GAS,Gasly
8509,1037,842,213,10,12,1:43.262,1:42.745,\N,Belgian Grand Prix,2020,GAS,Gasly
8527,1038,842,213,10,10,1:20.145,1:19.909,1:20.177,Italian Grand Prix,2020,GAS,Gasly
8553,1039,842,213,10,16,1:17.125,\N,\N,Tuscan Grand Prix,2020,GAS,Gasly
8566,1040,842,213,10,9,1:33.734,1:33.139,1:33.000,Russian Grand Prix,2020,GAS,Gasly
8589,1041,842,213,10,12,1:27.072,1:26.776,\N,Eifel Grand Prix,2020,GAS,Gasly
8623,1042,842,213,10,9,1:17.209,1:17.367,1:17.803,Portuguese Grand Prix,2020,GAS,Gasly
8638,1043,842,213,10,4,1:15.183,1:14.681,1:14.502,Emilia Romagna Grand Prix,2020,GAS,Gasly
8669,1044,842,213,10,15,2:05.579,1:58.556,\N,Turkish Grand Prix,2020,GAS,Gasly
8682,1045,842,213,10,8,1:28.971,1:29.008,1:28.448,Bahrain Grand Prix,2020,GAS,Gasly
8703,1046,842,213,10,9,0:54.207,0:53.941,0:54.154,Sakhir Grand Prix,2020,GAS,Gasly
8724,1047,842,213,10,10,1:36.545,1:36.282,1:36.242,Abu Dhabi Grand Prix,2020,GAS,Gasly
8739,1052,842,213,10,5,1:30.848,1:30.513,1:29.809,Bahrain Grand Prix,2021,GAS,Gasly
8759,1053,842,213,10,5,1:15.548,1:14.927,1:14.790,Emilia Romagna Grand Prix,2021,GAS,Gasly
8783,1054,842,213,10,9,1:19.464,1:19.052,1:19.475,Portuguese Grand Prix,2021,GAS,Gasly
8806,1055,842,213,10,12,1:18.190,1:17.982,\N,Spanish Grand Prix,2021,GAS,Gasly
8820,1056,842,213,10,6,1:11.560,1:11.179,1:10.900,Monaco Grand Prix,2021,GAS,Gasly
8837,1057,842,213,10,4,1:42.288,1:41.932,1:41.565,Azerbaijan Grand Prix,2021,GAS,Gasly
8859,1059,842,213,10,6,1:31.898,1:31.353,1:30.868,French Grand Prix,2021,GAS,Gasly
8879,1058,842,213,10,6,1:04.765,1:04.429,1:04.236,Styrian Grand Prix,2021,GAS,Gasly
8899,1060,842,213,10,6,1:04.841,1:04.412,1:04.107,Austrian Grand Prix,2021,GAS,Gasly
8925,1061,842,213,10,12,1:27.600,1:27.273,\N,British Grand Prix,2021,GAS,Gasly
8938,1062,842,213,10,5,1:16.874,1:16.394,1:16.483,Hungarian Grand Prix,2021,GAS,Gasly
8959,1063,842,213,10,6,2:00.387,1:56.440,2:01.164,Belgian Grand Prix,2021,GAS,Gasly
8977,1064,842,213,10,4,1:10.274,1:09.541,1:09.478,Dutch Grand Prix,2021,GAS,Gasly
8999,1065,842,213,10,6,1:21.440,1:20.556,1:20.260,Italian Grand Prix,2021,GAS,Gasly
9025,1066,842,213,10,12,1:47.828,1:46.641,\N,Russian Grand Prix,2021,GAS,Gasly
9040,1067,842,213,10,5,1:24.704,1:23.817,1:23.326,Turkish Grand Prix,2021,GAS,Gasly
9064,1069,842,213,10,9,1:34.567,1:34.583,1:34.118,United States Grand Prix,2021,GAS,Gasly
9080,1070,842,213,10,5,1:16.908,1:16.955,1:16.456,Mexico City Grand Prix,2021,GAS,Gasly
9100,1071,842,213,10,5,1:09.347,1:08.903,1:08.777,São Paulo Grand Prix,2021,GAS,Gasly
9119,1051,842,213,10,4,1:22.535,1:21.728,1:21.640,Qatar Grand Prix,2021,GAS,Gasly
9141,1072,842,213,10,6,1:28.401,1:28.314,1:28.125,Saudi Arabian Grand Prix,2021,GAS,Gasly
9167,1073,842,213,10,12,1:23.489,1:24.043,\N,Abu Dhabi Grand Prix,2021,GAS,Gasly
9185,1074,842,213,10,10,1:32.096,1:31.635,1:32.338,Bahrain Grand Prix,2022,GAS,Gasly
9221,1075,842,213,10,9,1:29.891,1:29.418,1:29.254,Saudi Arabian Grand Prix,2022,GAS,Gasly
9243,1076,842,213,10,11,1:19.580,1:19.226,\N,Australian Grand Prix,2022,GAS,Gasly
9269,1077,842,213,10,17,1:20.732,\N,\N,Emilia Romagna Grand Prix,2022,GAS,Gasly
9279,1078,842,213,10,7,1:30.779,1:30.128,1:29.690,Miami Grand Prix,2022,GAS,Gasly
9306,1079,842,213,10,14,1:20.719,1:20.861,\N,Spanish Grand Prix,2022,GAS,Gasly
9329,1080,842,213,10,17,1:13.660,\N,\N,Monaco Grand Prix,2022,GAS,Gasly
9338,1081,842,213,10,6,1:43.268,1:43.129,1:42.845,Azerbaijan Grand Prix,2022,GAS,Gasly
9368,1082,842,213,10,16,1:34.492,\N,\N,Canadian Grand Prix,2022,GAS,Gasly
9383,1083,842,213,10,11,1:41.680,1:43.702,\N,British Grand Prix,2022,GAS,Gasly
9402,1084,842,213,10,10,1:06.589,1:06.160,\N,Austrian Grand Prix,2022,GAS,Gasly
9428,1085,842,213,10,16,1:33.439,\N,\N,French Grand Prix,2022,GAS,Gasly
9451,1086,842,213,10,19,1:19.527,\N,\N,Hungarian Grand Prix,2022,GAS,Gasly
9464,1087,842,213,10,12,1:46.183,1:45.827,\N,Belgian Grand Prix,2022,GAS,Gasly
9483,1088,842,213,10,11,1:11.705,1:11.512,\N,Dutch Grand Prix,2022,GAS,Gasly
9501,1089,842,213,10,9,1:22.010,1:22.062,1:22.648,Italian Grand Prix,2022,GAS,Gasly
9519,1091,842,213,10,7,1:55.606,1:53.546,1:51.211,Singapore Grand Prix,2022,GAS,Gasly
9549,1092,842,213,10,17,1:31.322,\N,\N,Japanese Grand Prix,2022,GAS,Gasly
9565,1093,842,213,10,13,1:36.577,1:36.740,\N,United States Grand Prix,2022,GAS,Gasly
9586,1094,842,213,10,14,1:20.256,1:19.672,\N,Mexico City Grand Prix,2022,GAS,Gasly
9604,1095,842,213,10,12,1:14.371,1:11.675,\N,São Paulo Grand Prix,2022,GAS,Gasly
9629,1096,842,213,10,17,1:25.859,\N,\N,Abu Dhabi Grand Prix,2022,GAS,Gasly
9652,1098,842,214,10,20,1:32.181,\N,\N,Bahrain Grand Prix,2023,GAS,Gasly
9662,1099,842,214,10,10,1:29.890,1:29.411,1:29.357,Saudi Arabian Grand Prix,2023,GAS,Gasly
9681,1100,842,214,10,9,1:18.312,1:17.574,1:17.675,Australian Grand Prix,2023,GAS,Gasly
9711,1101,842,214,10,19,1:44.853,\N,\N,Azerbaijan Grand Prix,2023,GAS,Gasly
9717,1102,842,214,10,5,1:28.061,1:27.612,1:27.786,Miami Grand Prix,2023,GAS,Gasly
9739,1104,842,214,10,7,1:13.033,1:12.169,1:11.933,Monaco Grand Prix,2023,GAS,Gasly
9756,1105,842,214,10,4,1:13.471,1:13.186,1:12.816,Spanish Grand Prix,2023,GAS,Gasly
9789,1106,842,214,10,17,1:22.886,\N,\N,Canadian Grand Prix,2023,GAS,Gasly
9801,1107,842,214,10,9,1:05.515,1:05.308,1:05.170,Austrian Grand Prix,2023,GAS,Gasly
9822,1108,842,214,10,10,1:29.533,1:28.751,1:27.689,British Grand Prix,2023,GAS,Gasly
9847,1109,842,214,10,15,1:18.743,1:18.217,\N,Hungarian Grand Prix,2023,GAS,Gasly
9864,1110,842,214,10,12,1:59.511,1:53.671,\N,Belgian Grand Prix,2023,GAS,Gasly
9884,1111,842,214,10,12,1:21.735,1:20.128,\N,Dutch Grand Prix,2023,GAS,Gasly
9909,1112,842,214,10,17,1:22.545,\N,\N,Italian Grand Prix,2023,GAS,Gasly
9924,1113,842,214,10,12,1:32.452,1:32.274,\N,Singapore Grand Prix,2023,GAS,Gasly
9944,1114,842,214,10,12,1:30.843,1:30.509,\N,Japanese Grand Prix,2023,GAS,Gasly
9959,1115,842,214,10,7,1:25.566,1:24.918,1:24.553,Qatar Grand Prix,2023,GAS,Gasly
9979,1116,842,214,10,7,1:36.158,1:35.496,1:35.089,United States Grand Prix,2023,GAS,Gasly
10003,1117,842,214,10,11,1:18.945,1:18.521,\N,Mexico City Grand Prix,2023,GAS,Gasly
10025,1118,842,214,10,13,1:10.793,1:10.567,\N,São Paulo Grand Prix,2023,GAS,Gasly
10037,1119,842,214,10,5,1:34.272,1:33.494,1:33.239,Las Vegas Grand Prix,2023,GAS,Gasly
10062,1120,842,214,10,10,1:24.600,1:24.078,1:24.548,Abu Dhabi Grand Prix,2023,GAS,Gasly
10092,1121,842,214,10,20,1:30.948,\N,\N,Bahrain Grand Prix,2024,GAS,Gasly
10110,1122,842,214,10,18,1:29.479,,,Saudi Arabian Grand Prix,2024,GAS,Gasly
10129,1123,842,214,10,17,1:17.982,\N,\N,Australian Grand Prix,2024,GAS,Gasly
10148,1124,842,214,10,17,1:30.119,\N,\N,Japanese Grand Prix,2024,GAS,Gasly
10166,1125,842,214,10,15,1:35.287,1:35.463,\N,Chinese Grand Prix,2024,GAS,Gasly
10183,1126,842,214,10,12,1:27.976,1:28.324,\N,Miami Grand Prix,2024,GAS,Gasly
10206,1127,842,214,10,15,1:16.015,1:16.381,,Emilia Romagna Grand Prix,2024,GAS,Gasly
10221,1128,842,214,10,10,1:11.714,1:10.896,1:11.311,Monaco Grand Prix,2024,GAS,Gasly
10246,1129,842,214,10,15,1:13.289,1:12.940,\N,Canadian Grand Prix,2024,GAS,Gasly
10258,1130,842,214,10,7,1:12.651,1:12.079,1:11.857,Spanish Grand Prix,2024,GAS,Gasly
10284,1131,842,214,10,13,1:05.598,1:05.359,\N,Austrian Grand Prix,2024,GAS,Gasly
10311,1132,842,214,10,20,1:39.804,\N,\N,British Grand Prix,2024,GAS,Gasly
7972,1010,848,5,23,13,1:22.757,1:22.636,\N,Australian Grand Prix,2019,ALB,Albon
7991,1011,848,5,23,12,1:29.514,1:29.513,\N,Bahrain Grand Prix,2019,ALB,Albon
8029,1013,848,5,23,12,1:42.154,1:42.494,\N,Azerbaijan Grand Prix,2019,ALB,Albon
8049,1014,848,5,23,12,1:17.796,1:17.445,\N,Spanish Grand Prix,2019,ALB,Albon
8067,1015,848,5,23,10,1:12.007,1:11.429,1:11.653,Monaco Grand Prix,2019,ALB,Albon
8091,1016,848,5,23,14,1:12.020,1:12.193,\N,Canadian Grand Prix,2019,ALB,Albon
8108,1017,848,5,23,11,1:31.445,1:30.461,\N,French Grand Prix,2019,ALB,Albon
8130,1018,848,5,23,13,1:04.708,1:04.665,\N,Austrian Grand Prix,2019,ALB,Albon
8146,1019,848,5,23,9,1:26.482,1:26.403,1:26.345,British Grand Prix,2019,ALB,Albon
8174,1020,848,5,23,17,1:13.461,\N,\N,German Grand Prix,2019,ALB,Albon
8189,1021,848,5,23,12,1:16.912,1:16.687,\N,Hungarian Grand Prix,2019,ALB,Albon
8211,1022,848,9,23,14,1:45.528,1:45.799,\N,Belgian Grand Prix,2019,ALB,Albon
8225,1023,848,9,23,8,1:20.382,1:20.021,\N,Italian Grand Prix,2019,ALB,Albon
8243,1024,848,9,23,6,1:39.106,1:37.865,1:37.411,Singapore Grand Prix,2019,ALB,Albon
8276,1025,848,9,23,19,1:39.197,\N,\N,Russian Grand Prix,2019,ALB,Albon
8283,1026,848,9,23,6,1:29.351,1:28.156,1:27.851,Japanese Grand Prix,2019,ALB,Albon
8302,1027,848,9,23,5,1:16.175,1:16.574,1:15.336,Mexican Grand Prix,2019,ALB,Albon
8323,1028,848,9,23,6,1:33.984,1:32.898,1:32.548,United States Grand Prix,2019,ALB,Albon
8343,1029,848,9,23,6,1:08.503,1:08.117,1:07.935,Brazilian Grand Prix,2019,ALB,Albon
8363,1030,848,9,23,6,1:36.102,1:36.718,1:35.682,Abu Dhabi Grand Prix,2019,ALB,Albon
8382,1031,848,9,23,5,1:04.661,1:03.746,1:03.868,Austrian Grand Prix,2020,ALB,Albon
8404,1032,848,9,23,7,1:20.882,1:19.014,1:21.011,Styrian Grand Prix,2020,ALB,Albon
8429,1033,848,9,23,13,1:15.722,1:15.715,\N,Hungarian Grand Prix,2020,ALB,Albon
8449,1034,848,9,23,12,1:26.565,1:26.545,\N,British Grand Prix,2020,ALB,Albon
8466,1035,848,9,23,9,1:27.153,1:26.642,1:26.669,70th Anniversary Grand Prix,2020,ALB,Albon
8483,1036,848,9,23,6,1:17.419,1:17.163,1:17.029,Spanish Grand Prix,2020,ALB,Albon
8502,1037,848,9,23,5,1:43.418,1:42.193,1:42.264,Belgian Grand Prix,2020,ALB,Albon
8526,1038,848,9,23,9,1:21.104,1:20.064,1:20.090,Italian Grand Prix,2020,ALB,Albon
8541,1039,848,9,23,4,1:16.527,1:15.914,1:15.954,Tuscan Grand Prix,2020,ALB,Albon
8567,1040,848,9,23,10,1:33.919,1:33.153,1:33.008,Russian Grand Prix,2020,ALB,Albon
8582,1041,848,9,23,5,1:27.126,1:26.285,1:26.047,Eifel Grand Prix,2020,ALB,Albon
8620,1042,848,9,23,6,1:17.435,1:17.411,1:17.437,Portuguese Grand Prix,2020,ALB,Albon
8640,1043,848,9,23,6,1:15.402,1:14.745,1:14.572,Emilia Romagna Grand Prix,2020,ALB,Albon
8658,1044,848,9,23,4,1:59.431,1:52.282,1:50.448,Turkish Grand Prix,2020,ALB,Albon
8678,1045,848,9,23,4,1:28.732,1:28.749,1:28.274,Bahrain Grand Prix,2020,ALB,Albon
8706,1046,848,9,23,12,0:54.620,0:54.026,\N,Sakhir Grand Prix,2020,ALB,Albon
8719,1047,848,9,23,5,1:36.106,1:35.654,1:35.571,Abu Dhabi Grand Prix,2020,ALB,Albon
9189,1074,848,3,23,14,1:32.726,1:32.664,\N,Bahrain Grand Prix,2022,ALB,Albon
9229,1075,848,3,23,17,1:30.492,\N,\N,Saudi Arabian Grand Prix,2022,ALB,Albon
9248,1076,848,3,23,16,1:20.135,\N,\N,Australian Grand Prix,2022,ALB,Albon
9272,1077,848,3,23,20,\N,\N,\N,Emilia Romagna Grand Prix,2022,ALB,Albon
9290,1078,848,3,23,18,1:31.266,\N,\N,Miami Grand Prix,2022,ALB,Albon
9311,1079,848,3,23,19,1:21.645,\N,\N,Spanish Grand Prix,2022,ALB,Albon
9328,1080,848,3,23,16,1:13.611,\N,\N,Monaco Grand Prix,2022,ALB,Albon
9349,1081,848,3,23,17,1:44.719,\N,\N,Azerbaijan Grand Prix,2022,ALB,Albon
9364,1082,848,3,23,12,1:34.047,1:26.858,\N,Canadian Grand Prix,2022,ALB,Albon
9388,1083,848,3,23,16,1:42.078,\N,\N,British Grand Prix,2022,ALB,Albon
9403,1084,848,3,23,11,1:06.516,1:06.230,\N,Austrian Grand Prix,2022,ALB,Albon
9427,1085,848,3,23,15,1:33.423,1:33.307,\N,French Grand Prix,2022,ALB,Albon
9449,1086,848,3,23,17,1:19.256,\N,\N,Hungarian Grand Prix,2022,ALB,Albon
9461,1087,848,3,23,9,1:45.672,1:45.675,1:45.837,Belgian Grand Prix,2022,ALB,Albon
9487,1088,848,3,23,15,1:11.695,1:11.802,\N,Dutch Grand Prix,2022,ALB,Albon
9531,1091,848,3,23,19,1:56.985,\N,\N,Singapore Grand Prix,2022,ALB,Albon
9548,1092,848,3,23,16,1:31.311,\N,\N,Japanese Grand Prix,2022,ALB,Albon
9563,1093,848,3,23,11,1:36.932,1:36.368,\N,United States Grand Prix,2022,ALB,Albon
9591,1094,848,3,23,19,1:20.859,\N,\N,Mexico City Grand Prix,2022,ALB,Albon
9603,1095,848,3,23,11,1:14.324,1:11.631,\N,São Paulo Grand Prix,2022,ALB,Albon
9631,1096,848,3,23,19,1:26.028,\N,\N,Abu Dhabi Grand Prix,2022,ALB,Albon
9647,1098,848,3,23,15,1:31.461,\N,\N,Bahrain Grand Prix,2023,ALB,Albon
9669,1099,848,3,23,17,1:29.994,\N,\N,Saudi Arabian Grand Prix,2023,ALB,Albon
9680,1100,848,3,23,8,1:17.962,1:17.761,1:17.609,Australian Grand Prix,2023,ALB,Albon
9705,1101,848,3,23,13,1:42.171,1:41.818,\N,Azerbaijan Grand Prix,2023,ALB,Albon
9723,1102,848,3,23,11,1:28.234,1:27.795,\N,Miami Grand Prix,2023,ALB,Albon
9745,1104,848,3,23,13,1:12.706,1:12.527,\N,Monaco Grand Prix,2023,ALB,Albon
9770,1105,848,3,23,18,1:14.063,\N,\N,Spanish Grand Prix,2023,ALB,Albon
9782,1106,848,3,23,10,1:21.938,1:18.725,\N,Canadian Grand Prix,2023,ALB,Albon
9802,1107,848,3,23,10,1:05.673,1:05.387,1:05.823,Austrian Grand Prix,2023,ALB,Albon
9820,1108,848,3,23,8,1:29.466,1:28.067,1:27.530,British Grand Prix,2023,ALB,Albon
9848,1109,848,3,23,16,1:18.917,\N,\N,Hungarian Grand Prix,2023,ALB,Albon
9868,1110,848,3,23,16,2:00.314,\N,\N,Belgian Grand Prix,2023,ALB,Albon
9876,1111,848,3,23,4,1:20.939,1:19.399,1:11.419,Dutch Grand Prix,2023,ALB,Albon
9898,1112,848,3,23,6,1:21.661,1:21.272,1:20.760,Italian Grand Prix,2023,ALB,Albon
9926,1113,848,3,23,14,1:32.668,1:33.719,\N,Singapore Grand Prix,2023,ALB,Albon
9945,1114,848,3,23,13,1:30.941,1:30.537,\N,Japanese Grand Prix,2023,ALB,Albon
9966,1115,848,3,23,14,1:26.118,1:25.707,\N,Qatar Grand Prix,2023,ALB,Albon
9990,1116,848,3,23,18,1:36.315,\N,\N,United States Grand Prix,2023,ALB,Albon
10006,1117,848,3,23,14,1:18.828,1:19.147,\N,Mexico City Grand Prix,2023,ALB,Albon
10027,1118,848,3,23,15,1:10.621,1:10.840,\N,São Paulo Grand Prix,2023,ALB,Albon
10038,1119,848,3,23,6,1:34.634,1:33.588,1:33.323,Las Vegas Grand Prix,2023,ALB,Albon
10066,1120,848,3,23,14,1:24.298,1:24.439,,Abu Dhabi Grand Prix,2023,ALB,Albon
10085,1121,848,3,23,13,1:30.397,1:30.221,\N,Bahrain Grand Prix,2024,ALB,Albon
10104,1122,848,3,23,12,1:29.107,1:28.980,,Saudi Arabian Grand Prix,2024,ALB,Albon
10124,1123,848,3,23,12,1:17.130,1:17.167,\N,Australian Grand Prix,2024,ALB,Albon
10145,1124,848,3,23,14,1:29.963,1:29.714,\N,Japanese Grand Prix,2024,ALB,Albon
10165,1125,848,3,23,14,1:35.384,1:35.241,\N,Chinese Grand Prix,2024,ALB,Albon
10185,1126,848,3,23,14,1:28.343,1:28.413,\N,Miami Grand Prix,2024,ALB,Albon
10205,1127,848,3,23,14,1:16.524,1:16.200,,Emilia Romagna Grand Prix,2024,ALB,Albon
10220,1128,848,3,23,9,1:11.623,1:11.216,1:10.948,Monaco Grand Prix,2024,ALB,Albon
10241,1129,848,3,23,10,1:12.896,1:12.485,1:12.796,Canadian Grand Prix,2024,ALB,Albon
10270,1130,848,3,23,19,1:13.153,\N,\N,Spanish Grand Prix,2024,ALB,Albon
10287,1131,848,3,23,16,1:05.736,\N,\N,Austrian Grand Prix,2024,ALB,Albon
10300,1132,848,3,23,9,1:31.135,1:26.933,1:26.640,British Grand Prix,2024,ALB,Albon
