constructorResultsId,raceId,constructorId,points,status,name_x,year,constructorRef
16881,1120,6,18.0,\N,Abu Dhabi Grand Prix,2023,ferrari
15852,1010,6,22.0,\N,Australian Grand Prix,2019,ferrari
15861,1011,6,26.0,\N,Bahrain Grand Prix,2019,ferrari
15871,1012,6,25.0,\N,Chinese Grand Prix,2019,ferrari
15881,1013,6,26.0,\N,Azerbaijan Grand Prix,2019,ferrari
15892,1014,6,22.0,\N,Spanish Grand Prix,2019,ferrari
15901,1015,6,18.0,\N,Monaco Grand Prix,2019,ferrari
15911,1016,6,33.0,\N,Canadian Grand Prix,2019,ferrari
15921,1017,6,26.0,\N,French Grand Prix,2019,ferrari
15931,1018,6,30.0,\N,Austrian Grand Prix,2019,ferrari
15941,1019,6,15.0,\N,British Grand Prix,2019,ferrari
15951,1020,6,18.0,\N,German Grand Prix,2019,ferrari
15962,1021,6,27.0,\N,Hungarian Grand Prix,2019,ferrari
15970,1022,6,38.0,\N,Belgian Grand Prix,2019,ferrari
15980,1023,6,25.0,\N,Italian Grand Prix,2019,ferrari
15990,1024,6,43.0,\N,Singapore Grand Prix,2019,ferrari
16001,1025,6,15.0,\N,Russian Grand Prix,2019,ferrari
16011,1026,6,26.0,\N,Japanese Grand Prix,2019,ferrari
16021,1027,6,31.0,\N,Mexican Grand Prix,2019,ferrari
16032,1028,6,13.0,\N,United States Grand Prix,2019,ferrari
16049,1029,6,0.0,\N,Brazilian Grand Prix,2019,ferrari
16052,1030,6,25.0,\N,Abu Dhabi Grand Prix,2019,ferrari
16061,1031,6,19.0,\N,Austrian Grand Prix,2020,ferrari
16079,1032,6,0.0,\N,Styrian Grand Prix,2020,ferrari
16083,1033,6,8.0,\N,Hungarian Grand Prix,2020,ferrari
16092,1034,6,16.0,\N,British Grand Prix,2020,ferrari
16102,1035,6,12.0,\N,70th Anniversary Grand Prix,2020,ferrari
16114,1036,6,6.0,\N,Spanish Grand Prix,2020,ferrari
16127,1037,6,0.0,\N,Belgian Grand Prix,2020,ferrari
16139,1038,6,0.0,\N,Italian Grand Prix,2020,ferrari
16146,1039,6,5.0,\N,Tuscan Grand Prix,2020,ferrari
16154,1040,6,8.0,\N,Russian Grand Prix,2020,ferrari
16166,1041,6,6.0,\N,Eifel Grand Prix,2020,ferrari
16172,1042,6,13.0,\N,Portuguese Grand Prix,2020,ferrari
16183,1043,6,10.0,\N,Emilia Romagna Grand Prix,2020,ferrari
16192,1044,6,27.0,\N,Turkish Grand Prix,2020,ferrari
16205,1045,6,1.0,\N,Bahrain Grand Prix,2020,ferrari
16216,1046,6,0.0,\N,Sakhir Grand Prix,2020,ferrari
16227,1047,6,0.0,\N,Abu Dhabi Grand Prix,2020,ferrari
16233,1052,6,12.0,\N,Bahrain Grand Prix,2021,ferrari
16243,1053,6,22.0,\N,Emilia Romagna Grand Prix,2021,ferrari
16253,1054,6,8.0,\N,Portuguese Grand Prix,2021,ferrari
16262,1055,6,18.0,\N,Spanish Grand Prix,2021,ferrari
16270,1056,6,18.0,\N,Monaco Grand Prix,2021,ferrari
16283,1057,6,16.0,\N,Azerbaijan Grand Prix,2021,ferrari
16296,1059,6,0.0,\N,French Grand Prix,2021,ferrari
16303,1058,6,14.0,\N,Styrian Grand Prix,2021,ferrari
16313,1060,6,14.0,\N,Austrian Grand Prix,2021,ferrari
16321,1061,6,26.0,\N,British Grand Prix,2021,ferrari
16333,1062,6,15.0,\N,Hungarian Grand Prix,2021,ferrari
16347,1063,6,2.5,\N,Belgian Grand Prix,2021,ferrari
16353,1064,6,16.0,\N,Dutch Grand Prix,2021,ferrari
16362,1065,6,20.0,\N,Italian Grand Prix,2021,ferrari
16372,1066,6,15.0,\N,Russian Grand Prix,2021,ferrari
16382,1067,6,16.0,\N,Turkish Grand Prix,2021,ferrari
16392,1069,6,18.0,\N,United States Grand Prix,2021,ferrari
16403,1070,6,18.0,\N,Mexico City Grand Prix,2021,ferrari
16412,1071,6,19.0,\N,São Paulo Grand Prix,2021,ferrari
16424,1051,6,10.0,\N,Qatar Grand Prix,2021,ferrari
16435,1072,6,10.0,\N,Saudi Arabian Grand Prix,2021,ferrari
16442,1073,6,16.0,\N,Abu Dhabi Grand Prix,2021,ferrari
16450,1074,6,44.0,\N,Bahrain Grand Prix,2022,ferrari
16461,1075,6,34.0,\N,Saudi Arabian Grand Prix,2022,ferrari
16470,1076,6,26.0,\N,Australian Grand Prix,2022,ferrari
16484,1077,6,20.0,\N,Emilia Romagna Grand Prix,2022,ferrari
16491,1078,6,33.0,\N,Miami Grand Prix,2022,ferrari
16502,1079,6,12.0,\N,Spanish Grand Prix,2022,ferrari
16511,1080,6,30.0,\N,Monaco Grand Prix,2022,ferrari
16529,1081,6,0.0,\N,Azerbaijan Grand Prix,2022,ferrari
16531,1082,6,29.0,\N,Canadian Grand Prix,2022,ferrari
16540,1083,6,37.0,\N,British Grand Prix,2022,ferrari
16550,1084,6,38.0,\N,Austrian Grand Prix,2022,ferrari
16562,1085,6,11.0,\N,French Grand Prix,2022,ferrari
16572,1086,6,20.0,\N,Hungarian Grand Prix,2022,ferrari
16581,1087,6,23.0,\N,Belgian Grand Prix,2022,ferrari
16592,1088,6,19.0,\N,Dutch Grand Prix,2022,ferrari
16601,1089,6,30.0,\N,Italian Grand Prix,2022,ferrari
16611,1091,6,33.0,\N,Singapore Grand Prix,2022,ferrari
16621,1092,6,15.0,\N,Japanese Grand Prix,2022,ferrari
16632,1093,6,15.0,\N,United States Grand Prix,2022,ferrari
16642,1094,6,18.0,\N,Mexico City Grand Prix,2022,ferrari
16651,1095,6,37.0,\N,São Paulo Grand Prix,2022,ferrari
16661,1096,6,30.0,\N,Abu Dhabi Grand Prix,2022,ferrari
16672,1098,6,12.0,\N,Bahrain Grand Prix,2023,ferrari
16683,1099,6,14.0,\N,Saudi Arabian Grand Prix,2023,ferrari
16697,1100,6,0.0,\N,Australian Grand Prix,2023,ferrari
16701,1101,6,36.0,\N,Azerbaijan Grand Prix,2023,ferrari
16713,1102,6,16.0,\N,Miami Grand Prix,2023,ferrari
16724,1104,6,12.0,\N,Monaco Grand Prix,2023,ferrari
16732,1105,6,10.0,\N,Spanish Grand Prix,2023,ferrari
16743,1106,6,22.0,\N,Canadian Grand Prix,2023,ferrari
16751,1107,6,32.0,\N,Austrian Grand Prix,2023,ferrari
16765,1108,6,3.0,\N,British Grand Prix,2023,ferrari
16773,1109,6,10.0,\N,Hungarian Grand Prix,2023,ferrari
16781,1110,6,24.0,\N,Belgian Grand Prix,2023,ferrari
16793,1111,6,10.0,\N,Dutch Grand Prix,2023,ferrari
16801,1112,6,27.0,\N,Italian Grand Prix,2023,ferrari
16810,1113,6,37.0,\N,Singapore Grand Prix,2023,ferrari
16822,1114,6,20.0,\N,Japanese Grand Prix,2023,ferrari
16833,1115,6,13.0,\N,Qatar Grand Prix,2023,ferrari
16842,1116,6,24.0,\N,United States Grand Prix,2023,ferrari
16852,1117,6,27.0,\N,Mexico City Grand Prix,2023,ferrari
16863,1118,6,13.0,\N,São Paulo Grand Prix,2023,ferrari
16871,1119,6,26.0,\N,Las Vegas Grand Prix,2023,ferrari
16891,1121,6,27.0,\N,Bahrain Grand Prix,2024,ferrari
16901,1122,6,22.0,\N,Saudi Arabian Grand Prix,2024,ferrari
16910,1123,6,44.0,\N,Australian Grand Prix,2024,ferrari
16921,1124,6,27.0,\N,Japanese Grand Prix,2024,ferrari
16932,1125,6,31.0,\N,Chinese Grand Prix,2024,ferrari
16942,1126,6,36.0,\N,Miami Grand Prix,2024,ferrari
16952,1127,6,25.0,\N,Emilia Romagna Grand Prix,2024,ferrari
16960,1128,6,40.0,\N,Monaco Grand Prix,2024,ferrari
16978,1129,6,0.0,\N,Canadian Grand Prix,2024,ferrari
16983,1130,6,18.0,\N,Spanish Grand Prix,2024,ferrari
16992,1131,6,21.0,\N,Austrian Grand Prix,2024,ferrari
17003,1132,6,11.0,\N,British Grand Prix,2024,ferrari
16880,1120,9,38.0,\N,Abu Dhabi Grand Prix,2023,red_bull
15851,1010,9,15.0,\N,Australian Grand Prix,2019,red_bull
15862,1011,9,16.0,\N,Bahrain Grand Prix,2019,red_bull
15872,1012,9,21.0,\N,Chinese Grand Prix,2019,red_bull
15882,1013,9,12.0,\N,Azerbaijan Grand Prix,2019,red_bull
15891,1014,9,23.0,\N,Spanish Grand Prix,2019,red_bull
15902,1015,9,23.0,\N,Monaco Grand Prix,2019,red_bull
15912,1016,9,14.0,\N,Canadian Grand Prix,2019,red_bull
15922,1017,9,13.0,\N,French Grand Prix,2019,red_bull
15930,1018,9,32.0,\N,Austrian Grand Prix,2019,red_bull
15942,1019,9,22.0,\N,British Grand Prix,2019,red_bull
15950,1020,9,26.0,\N,German Grand Prix,2019,red_bull
15961,1021,9,27.0,\N,Hungarian Grand Prix,2019,red_bull
15972,1022,9,10.0,\N,Belgian Grand Prix,2019,red_bull
15983,1023,9,12.0,\N,Italian Grand Prix,2019,red_bull
15991,1024,9,23.0,\N,Singapore Grand Prix,2019,red_bull
16002,1025,9,22.0,\N,Russian Grand Prix,2019,red_bull
16012,1026,9,12.0,\N,Japanese Grand Prix,2019,red_bull
16022,1027,9,18.0,\N,Mexican Grand Prix,2019,red_bull
16031,1028,9,25.0,\N,United States Grand Prix,2019,red_bull
16040,1029,9,25.0,\N,Brazilian Grand Prix,2019,red_bull
16051,1030,9,26.0,\N,Abu Dhabi Grand Prix,2019,red_bull
16068,1031,9,0.0,\N,Austrian Grand Prix,2020,red_bull
16071,1032,9,27.0,\N,Styrian Grand Prix,2020,red_bull
16081,1033,9,28.0,\N,Hungarian Grand Prix,2020,red_bull
16091,1034,9,23.0,\N,British Grand Prix,2020,red_bull
16100,1035,9,35.0,\N,70th Anniversary Grand Prix,2020,red_bull
16111,1036,9,22.0,\N,Spanish Grand Prix,2020,red_bull
16121,1037,9,23.0,\N,Belgian Grand Prix,2020,red_bull
16138,1038,9,0.0,\N,Italian Grand Prix,2020,red_bull
16141,1039,9,15.0,\N,Tuscan Grand Prix,2020,red_bull
16151,1040,9,19.0,\N,Russian Grand Prix,2020,red_bull
16161,1041,9,19.0,\N,Eifel Grand Prix,2020,red_bull
16171,1042,9,15.0,\N,Portuguese Grand Prix,2020,red_bull
16189,1043,9,0.0,\N,Emilia Romagna Grand Prix,2020,red_bull
16194,1044,9,14.0,\N,Turkish Grand Prix,2020,red_bull
16201,1045,9,34.0,\N,Bahrain Grand Prix,2020,red_bull
16213,1046,9,8.0,\N,Sakhir Grand Prix,2020,red_bull
16220,1047,9,37.0,\N,Abu Dhabi Grand Prix,2020,red_bull
16231,1052,9,28.0,\N,Bahrain Grand Prix,2021,red_bull
16240,1053,9,25.0,\N,Emilia Romagna Grand Prix,2021,red_bull
16251,1054,9,30.0,\N,Portuguese Grand Prix,2021,red_bull
16261,1055,9,29.0,\N,Spanish Grand Prix,2021,red_bull
16271,1056,9,37.0,\N,Monaco Grand Prix,2021,red_bull
16280,1057,9,25.0,\N,Azerbaijan Grand Prix,2021,red_bull
16290,1059,9,41.0,\N,French Grand Prix,2021,red_bull
16300,1058,9,37.0,\N,Styrian Grand Prix,2021,red_bull
16310,1060,9,34.0,\N,Austrian Grand Prix,2021,red_bull
16328,1061,9,3.0,\N,British Grand Prix,2021,red_bull
16336,1062,9,2.0,\N,Hungarian Grand Prix,2021,red_bull
16340,1063,9,12.5,\N,Belgian Grand Prix,2021,red_bull
16350,1064,9,29.0,\N,Dutch Grand Prix,2021,red_bull
16363,1065,9,12.0,\N,Italian Grand Prix,2021,red_bull
16371,1066,9,20.0,\N,Russian Grand Prix,2021,red_bull
16381,1067,9,33.0,\N,Turkish Grand Prix,2021,red_bull
16390,1069,9,40.0,\N,United States Grand Prix,2021,red_bull
16400,1070,9,40.0,\N,Mexico City Grand Prix,2021,red_bull
16411,1071,9,33.0,\N,São Paulo Grand Prix,2021,red_bull
16421,1051,9,31.0,\N,Qatar Grand Prix,2021,red_bull
16431,1072,9,18.0,\N,Saudi Arabian Grand Prix,2021,red_bull
16440,1073,9,26.0,\N,Abu Dhabi Grand Prix,2021,red_bull
16459,1074,9,0.0,\N,Bahrain Grand Prix,2022,red_bull
16460,1075,9,37.0,\N,Saudi Arabian Grand Prix,2022,red_bull
16471,1076,9,18.0,\N,Australian Grand Prix,2022,red_bull
16480,1077,9,58.0,\N,Emilia Romagna Grand Prix,2022,red_bull
16490,1078,9,38.0,\N,Miami Grand Prix,2022,red_bull
16500,1079,9,44.0,\N,Spanish Grand Prix,2022,red_bull
16510,1080,9,40.0,\N,Monaco Grand Prix,2022,red_bull
16520,1081,9,44.0,\N,Azerbaijan Grand Prix,2022,red_bull
16530,1082,9,25.0,\N,Canadian Grand Prix,2022,red_bull
16541,1083,9,24.0,\N,British Grand Prix,2022,red_bull
16551,1084,9,31.0,\N,Austrian Grand Prix,2022,red_bull
16560,1085,9,37.0,\N,French Grand Prix,2022,red_bull
16570,1086,9,35.0,\N,Hungarian Grand Prix,2022,red_bull
16580,1087,9,44.0,\N,Belgian Grand Prix,2022,red_bull
16590,1088,9,36.0,\N,Dutch Grand Prix,2022,red_bull
16600,1089,9,34.0,\N,Italian Grand Prix,2022,red_bull
16610,1091,9,31.0,\N,Singapore Grand Prix,2022,red_bull
16620,1092,9,43.0,\N,Japanese Grand Prix,2022,red_bull
16630,1093,9,37.0,\N,United States Grand Prix,2022,red_bull
16640,1094,9,40.0,\N,Mexico City Grand Prix,2022,red_bull
16653,1095,9,23.0,\N,São Paulo Grand Prix,2022,red_bull
16660,1096,9,40.0,\N,Abu Dhabi Grand Prix,2022,red_bull
16670,1098,9,43.0,\N,Bahrain Grand Prix,2023,red_bull
16680,1099,9,44.0,\N,Saudi Arabian Grand Prix,2023,red_bull
16690,1100,9,36.0,\N,Australian Grand Prix,2023,red_bull
16700,1101,9,57.0,\N,Azerbaijan Grand Prix,2023,red_bull
16710,1102,9,44.0,\N,Miami Grand Prix,2023,red_bull
16720,1104,9,25.0,\N,Monaco Grand Prix,2023,red_bull
16730,1105,9,38.0,\N,Spanish Grand Prix,2023,red_bull
16740,1106,9,34.0,\N,Canadian Grand Prix,2023,red_bull
16750,1107,9,56.0,\N,Austrian Grand Prix,2023,red_bull
16760,1108,9,34.0,\N,British Grand Prix,2023,red_bull
16770,1109,9,41.0,\N,Hungarian Grand Prix,2023,red_bull
16780,1110,9,51.0,\N,Belgian Grand Prix,2023,red_bull
16790,1111,9,37.0,\N,Dutch Grand Prix,2023,red_bull
16800,1112,9,43.0,\N,Italian Grand Prix,2023,red_bull
16813,1113,9,14.0,\N,Singapore Grand Prix,2023,red_bull
16820,1114,9,26.0,\N,Japanese Grand Prix,2023,red_bull
16830,1115,9,34.0,\N,Qatar Grand Prix,2023,red_bull
16840,1116,9,49.0,\N,United States Grand Prix,2023,red_bull
16850,1117,9,25.0,\N,Mexico City Grand Prix,2023,red_bull
16860,1118,9,51.0,\N,São Paulo Grand Prix,2023,red_bull
16870,1119,9,40.0,\N,Las Vegas Grand Prix,2023,red_bull
16890,1121,9,44.0,\N,Bahrain Grand Prix,2024,red_bull
16900,1122,9,43.0,\N,Saudi Arabian Grand Prix,2024,red_bull
16912,1123,9,10.0,\N,Australian Grand Prix,2024,red_bull
16920,1124,9,44.0,\N,Japanese Grand Prix,2024,red_bull
16930,1125,9,54.0,\N,Chinese Grand Prix,2024,red_bull
16941,1126,9,44.0,\N,Miami Grand Prix,2024,red_bull
16950,1127,9,29.0,\N,Emilia Romagna Grand Prix,2024,red_bull
16963,1128,9,8.0,\N,Monaco Grand Prix,2024,red_bull
16970,1129,9,25.0,\N,Canadian Grand Prix,2024,red_bull
16980,1130,9,29.0,\N,Spanish Grand Prix,2024,red_bull
16993,1131,9,25.0,\N,Austrian Grand Prix,2024,red_bull
17001,1132,9,18.0,\N,British Grand Prix,2024,red_bull
16883,1120,1,18.0,\N,Abu Dhabi Grand Prix,2023,mclaren
15858,1010,1,0.0,\N,Australian Grand Prix,2019,mclaren
15863,1011,1,8.0,\N,Bahrain Grand Prix,2019,mclaren
15878,1012,1,0.0,\N,Chinese Grand Prix,2019,mclaren
15884,1013,1,10.0,\N,Azerbaijan Grand Prix,2019,mclaren
15894,1014,1,4.0,\N,Spanish Grand Prix,2019,mclaren
15903,1015,1,8.0,\N,Monaco Grand Prix,2019,mclaren
15916,1016,1,0.0,\N,Canadian Grand Prix,2019,mclaren
15923,1017,1,10.0,\N,French Grand Prix,2019,mclaren
15933,1018,1,12.0,\N,Austrian Grand Prix,2019,mclaren
15943,1019,1,8.0,\N,British Grand Prix,2019,mclaren
15954,1020,1,10.0,\N,German Grand Prix,2019,mclaren
15963,1021,1,12.0,\N,Hungarian Grand Prix,2019,mclaren
15976,1022,1,0.0,\N,Belgian Grand Prix,2019,mclaren
15986,1023,1,1.0,\N,Italian Grand Prix,2019,mclaren
15993,1024,1,6.0,\N,Singapore Grand Prix,2019,mclaren
16003,1025,1,12.0,\N,Russian Grand Prix,2019,mclaren
16013,1026,1,10.0,\N,Japanese Grand Prix,2019,mclaren
16026,1027,1,0.0,\N,Mexican Grand Prix,2019,mclaren
16034,1028,1,10.0,\N,United States Grand Prix,2019,mclaren
16042,1029,1,19.0,\N,Brazilian Grand Prix,2019,mclaren
16054,1030,1,5.0,\N,Abu Dhabi Grand Prix,2019,mclaren
16062,1031,1,26.0,\N,Austrian Grand Prix,2020,mclaren
16072,1032,1,13.0,\N,Styrian Grand Prix,2020,mclaren
16086,1033,1,2.0,\N,Hungarian Grand Prix,2020,mclaren
16094,1034,1,10.0,\N,British Grand Prix,2020,mclaren
16105,1035,1,2.0,\N,70th Anniversary Grand Prix,2020,mclaren
16113,1036,1,9.0,\N,Spanish Grand Prix,2020,mclaren
16123,1037,1,6.0,\N,Belgian Grand Prix,2020,mclaren
16131,1038,1,30.0,\N,Italian Grand Prix,2020,mclaren
16144,1039,1,8.0,\N,Tuscan Grand Prix,2020,mclaren
16158,1040,1,0.0,\N,Russian Grand Prix,2020,mclaren
16164,1041,1,10.0,\N,Eifel Grand Prix,2020,mclaren
16174,1042,1,8.0,\N,Portuguese Grand Prix,2020,mclaren
16185,1043,1,10.0,\N,Emilia Romagna Grand Prix,2020,mclaren
16193,1044,1,15.0,\N,Turkish Grand Prix,2020,mclaren
16202,1045,1,22.0,\N,Bahrain Grand Prix,2020,mclaren
16212,1046,1,13.0,\N,Sakhir Grand Prix,2020,mclaren
16222,1047,1,18.0,\N,Abu Dhabi Grand Prix,2020,mclaren
16232,1052,1,18.0,\N,Bahrain Grand Prix,2021,mclaren
16242,1053,1,23.0,\N,Emilia Romagna Grand Prix,2021,mclaren
16252,1054,1,12.0,\N,Portuguese Grand Prix,2021,mclaren
16263,1055,1,12.0,\N,Spanish Grand Prix,2021,mclaren
16272,1056,1,15.0,\N,Monaco Grand Prix,2021,mclaren
16284,1057,1,12.0,\N,Azerbaijan Grand Prix,2021,mclaren
16292,1059,1,18.0,\N,French Grand Prix,2021,mclaren
16302,1058,1,10.0,\N,Styrian Grand Prix,2021,mclaren
16312,1060,1,21.0,\N,Austrian Grand Prix,2021,mclaren
16322,1061,1,22.0,\N,British Grand Prix,2021,mclaren
16338,1062,1,0.0,\N,Hungarian Grand Prix,2021,mclaren
16343,1063,1,6.0,\N,Belgian Grand Prix,2021,mclaren
16355,1064,1,1.0,\N,Dutch Grand Prix,2021,mclaren
16360,1065,1,45.0,\N,Italian Grand Prix,2021,mclaren
16373,1066,1,19.0,\N,Russian Grand Prix,2021,mclaren
16384,1067,1,6.0,\N,Turkish Grand Prix,2021,mclaren
16393,1069,1,14.0,\N,United States Grand Prix,2021,mclaren
16407,1070,1,1.0,\N,Mexico City Grand Prix,2021,mclaren
16415,1071,1,1.0,\N,São Paulo Grand Prix,2021,mclaren
16425,1051,1,2.0,\N,Qatar Grand Prix,2021,mclaren
16433,1072,1,11.0,\N,Saudi Arabian Grand Prix,2021,mclaren
16444,1073,1,6.0,\N,Abu Dhabi Grand Prix,2021,mclaren
16458,1074,1,0.0,\N,Bahrain Grand Prix,2022,mclaren
16464,1075,1,6.0,\N,Saudi Arabian Grand Prix,2022,mclaren
16473,1076,1,18.0,\N,Australian Grand Prix,2022,mclaren
16481,1077,1,22.0,\N,Emilia Romagna Grand Prix,2022,mclaren
16498,1078,1,0.0,\N,Miami Grand Prix,2022,mclaren
16505,1079,1,4.0,\N,Spanish Grand Prix,2022,mclaren
16513,1080,1,9.0,\N,Monaco Grand Prix,2022,mclaren
16525,1081,1,6.0,\N,Azerbaijan Grand Prix,2022,mclaren
16536,1082,1,0.0,\N,Canadian Grand Prix,2022,mclaren
16544,1083,1,8.0,\N,British Grand Prix,2022,mclaren
16555,1084,1,8.0,\N,Austrian Grand Prix,2022,mclaren
16564,1085,1,8.0,\N,French Grand Prix,2022,mclaren
16573,1086,1,6.0,\N,Hungarian Grand Prix,2022,mclaren
16587,1087,1,0.0,\N,Belgian Grand Prix,2022,mclaren
16594,1088,1,6.0,\N,Dutch Grand Prix,2022,mclaren
16603,1089,1,6.0,\N,Italian Grand Prix,2022,mclaren
16612,1091,1,22.0,\N,Singapore Grand Prix,2022,mclaren
16626,1092,1,1.0,\N,Japanese Grand Prix,2022,mclaren
16633,1093,1,8.0,\N,United States Grand Prix,2022,mclaren
16643,1094,1,8.0,\N,Mexico City Grand Prix,2022,mclaren
16659,1095,1,2.0,\N,São Paulo Grand Prix,2022,mclaren
16663,1096,1,11.0,\N,Abu Dhabi Grand Prix,2022,mclaren
16679,1098,1,0.0,\N,Bahrain Grand Prix,2023,mclaren
16688,1099,1,0.0,\N,Saudi Arabian Grand Prix,2023,mclaren
16693,1100,1,12.0,\N,Australian Grand Prix,2023,mclaren
16704,1101,1,2.0,\N,Azerbaijan Grand Prix,2023,mclaren
16719,1102,1,0.0,\N,Miami Grand Prix,2023,mclaren
16725,1104,1,3.0,\N,Monaco Grand Prix,2023,mclaren
16737,1105,1,0.0,\N,Spanish Grand Prix,2023,mclaren
16747,1106,1,0.0,\N,Canadian Grand Prix,2023,mclaren
16752,1107,1,12.0,\N,Austrian Grand Prix,2023,mclaren
16761,1108,1,30.0,\N,British Grand Prix,2023,mclaren
16771,1109,1,28.0,\N,Hungarian Grand Prix,2023,mclaren
16784,1110,1,16.0,\N,Belgian Grand Prix,2023,mclaren
16795,1111,1,8.0,\N,Dutch Grand Prix,2023,mclaren
16804,1112,1,4.0,\N,Italian Grand Prix,2023,mclaren
16811,1113,1,24.0,\N,Singapore Grand Prix,2023,mclaren
16821,1114,1,33.0,\N,Japanese Grand Prix,2023,mclaren
16831,1115,1,47.0,\N,Qatar Grand Prix,2023,mclaren
16841,1116,1,23.0,\N,United States Grand Prix,2023,mclaren
16853,1117,1,14.0,\N,Mexico City Grand Prix,2023,mclaren
16861,1118,1,26.0,\N,São Paulo Grand Prix,2023,mclaren
16875,1119,1,2.0,\N,Las Vegas Grand Prix,2023,mclaren
16893,1121,1,12.0,\N,Bahrain Grand Prix,2024,mclaren
16902,1122,1,16.0,\N,Saudi Arabian Grand Prix,2024,mclaren
16911,1123,1,27.0,\N,Australian Grand Prix,2024,mclaren
16922,1124,1,14.0,\N,Japanese Grand Prix,2024,mclaren
16931,1125,1,27.0,\N,Chinese Grand Prix,2024,mclaren
16940,1126,1,28.0,\N,Miami Grand Prix,2024,mclaren
16951,1127,1,30.0,\N,Emilia Romagna Grand Prix,2024,mclaren
16961,1128,1,30.0,\N,Monaco Grand Prix,2024,mclaren
16971,1129,1,28.0,\N,Canadian Grand Prix,2024,mclaren
16981,1130,1,25.0,\N,Spanish Grand Prix,2024,mclaren
16991,1131,1,31.0,\N,Austrian Grand Prix,2024,mclaren
17002,1132,1,27.0,\N,British Grand Prix,2024,mclaren
16882,1120,131,17.0,\N,Abu Dhabi Grand Prix,2023,mercedes
15850,1010,131,44.0,\N,Australian Grand Prix,2019,mercedes
15860,1011,131,43.0,\N,Bahrain Grand Prix,2019,mercedes
15870,1012,131,43.0,\N,Chinese Grand Prix,2019,mercedes
15880,1013,131,43.0,\N,Azerbaijan Grand Prix,2019,mercedes
15890,1014,131,44.0,\N,Spanish Grand Prix,2019,mercedes
15900,1015,131,40.0,\N,Monaco Grand Prix,2019,mercedes
15910,1016,131,38.0,\N,Canadian Grand Prix,2019,mercedes
15920,1017,131,43.0,\N,French Grand Prix,2019,mercedes
15932,1018,131,25.0,\N,Austrian Grand Prix,2019,mercedes
15940,1019,131,44.0,\N,British Grand Prix,2019,mercedes
15957,1020,131,2.0,\N,German Grand Prix,2019,mercedes
15960,1021,131,29.0,\N,Hungarian Grand Prix,2019,mercedes
15971,1022,131,33.0,\N,Belgian Grand Prix,2019,mercedes
15981,1023,131,34.0,\N,Italian Grand Prix,2019,mercedes
15992,1024,131,22.0,\N,Singapore Grand Prix,2019,mercedes
16000,1025,131,44.0,\N,Russian Grand Prix,2019,mercedes
16010,1026,131,41.0,\N,Japanese Grand Prix,2019,mercedes
16020,1027,131,40.0,\N,Mexican Grand Prix,2019,mercedes
16030,1028,131,43.0,\N,United States Grand Prix,2019,mercedes
16045,1029,131,6.0,\N,Brazilian Grand Prix,2019,mercedes
16050,1030,131,38.0,\N,Abu Dhabi Grand Prix,2019,mercedes
16060,1031,131,37.0,\N,Austrian Grand Prix,2020,mercedes
16070,1032,131,43.0,\N,Styrian Grand Prix,2020,mercedes
16080,1033,131,41.0,\N,Hungarian Grand Prix,2020,mercedes
16090,1034,131,25.0,\N,British Grand Prix,2020,mercedes
16101,1035,131,34.0,\N,70th Anniversary Grand Prix,2020,mercedes
16110,1036,131,41.0,\N,Spanish Grand Prix,2020,mercedes
16120,1037,131,43.0,\N,Belgian Grand Prix,2020,mercedes
16133,1038,131,17.0,\N,Italian Grand Prix,2020,mercedes
16140,1039,131,44.0,\N,Tuscan Grand Prix,2020,mercedes
16150,1040,131,41.0,\N,Russian Grand Prix,2020,mercedes
16160,1041,131,25.0,\N,Eifel Grand Prix,2020,mercedes
16170,1042,131,44.0,\N,Portuguese Grand Prix,2020,mercedes
16180,1043,131,44.0,\N,Emilia Romagna Grand Prix,2020,mercedes
16190,1044,131,25.0,\N,Turkish Grand Prix,2020,mercedes
16200,1045,131,29.0,\N,Bahrain Grand Prix,2020,mercedes
16215,1046,131,7.0,\N,Sakhir Grand Prix,2020,mercedes
16221,1047,131,33.0,\N,Abu Dhabi Grand Prix,2020,mercedes
16230,1052,131,41.0,\N,Bahrain Grand Prix,2021,mercedes
16241,1053,131,19.0,\N,Emilia Romagna Grand Prix,2021,mercedes
16250,1054,131,41.0,\N,Portuguese Grand Prix,2021,mercedes
16260,1055,131,40.0,\N,Spanish Grand Prix,2021,mercedes
16275,1056,131,7.0,\N,Monaco Grand Prix,2021,mercedes
16287,1057,131,0.0,\N,Azerbaijan Grand Prix,2021,mercedes
16291,1059,131,30.0,\N,French Grand Prix,2021,mercedes
16301,1058,131,34.0,\N,Styrian Grand Prix,2021,mercedes
16311,1060,131,30.0,\N,Austrian Grand Prix,2021,mercedes
16320,1061,131,43.0,\N,British Grand Prix,2021,mercedes
16332,1062,131,18.0,\N,Hungarian Grand Prix,2021,mercedes
16342,1063,131,7.5,\N,Belgian Grand Prix,2021,mercedes
16351,1064,131,34.0,\N,Dutch Grand Prix,2021,mercedes
16361,1065,131,18.0,\N,Italian Grand Prix,2021,mercedes
16370,1066,131,35.0,\N,Russian Grand Prix,2021,mercedes
16380,1067,131,36.0,\N,Turkish Grand Prix,2021,mercedes
16391,1069,131,27.0,\N,United States Grand Prix,2021,mercedes
16401,1070,131,18.0,\N,Mexico City Grand Prix,2021,mercedes
16410,1071,131,43.0,\N,São Paulo Grand Prix,2021,mercedes
16420,1051,131,25.0,\N,Qatar Grand Prix,2021,mercedes
16430,1072,131,41.0,\N,Saudi Arabian Grand Prix,2021,mercedes
16441,1073,131,26.0,\N,Abu Dhabi Grand Prix,2021,mercedes
16451,1074,131,27.0,\N,Bahrain Grand Prix,2022,mercedes
16462,1075,131,11.0,\N,Saudi Arabian Grand Prix,2022,mercedes
16472,1076,131,27.0,\N,Australian Grand Prix,2022,mercedes
16482,1077,131,12.0,\N,Emilia Romagna Grand Prix,2022,mercedes
16492,1078,131,18.0,\N,Miami Grand Prix,2022,mercedes
16501,1079,131,25.0,\N,Spanish Grand Prix,2022,mercedes
16512,1080,131,14.0,\N,Monaco Grand Prix,2022,mercedes
16521,1081,131,27.0,\N,Azerbaijan Grand Prix,2022,mercedes
16532,1082,131,27.0,\N,Canadian Grand Prix,2022,mercedes
16542,1083,131,16.0,\N,British Grand Prix,2022,mercedes
16552,1084,131,33.0,\N,Austrian Grand Prix,2022,mercedes
16561,1085,131,33.0,\N,French Grand Prix,2022,mercedes
16571,1086,131,34.0,\N,Hungarian Grand Prix,2022,mercedes
16582,1087,131,12.0,\N,Belgian Grand Prix,2022,mercedes
16591,1088,131,30.0,\N,Dutch Grand Prix,2022,mercedes
16602,1089,131,25.0,\N,Italian Grand Prix,2022,mercedes
16614,1091,131,2.0,\N,Singapore Grand Prix,2022,mercedes
16623,1092,131,14.0,\N,Japanese Grand Prix,2022,mercedes
16631,1093,131,29.0,\N,United States Grand Prix,2022,mercedes
16641,1094,131,31.0,\N,Mexico City Grand Prix,2022,mercedes
16650,1095,131,58.0,\N,São Paulo Grand Prix,2022,mercedes
16662,1096,131,10.0,\N,Abu Dhabi Grand Prix,2022,mercedes
16673,1098,131,16.0,\N,Bahrain Grand Prix,2023,mercedes
16681,1099,131,22.0,\N,Saudi Arabian Grand Prix,2023,mercedes
16691,1100,131,18.0,\N,Australian Grand Prix,2023,mercedes
16703,1101,131,20.0,\N,Azerbaijan Grand Prix,2023,mercedes
16712,1102,131,20.0,\N,Miami Grand Prix,2023,mercedes
16723,1104,131,23.0,\N,Monaco Grand Prix,2023,mercedes
16731,1105,131,33.0,\N,Spanish Grand Prix,2023,mercedes
16742,1106,131,15.0,\N,Canadian Grand Prix,2023,mercedes
16754,1107,131,11.0,\N,Austrian Grand Prix,2023,mercedes
16762,1108,131,25.0,\N,British Grand Prix,2023,mercedes
16772,1109,131,20.0,\N,Hungarian Grand Prix,2023,mercedes
16782,1110,131,24.0,\N,Belgian Grand Prix,2023,mercedes
16794,1111,131,8.0,\N,Dutch Grand Prix,2023,mercedes
16802,1112,131,18.0,\N,Italian Grand Prix,2023,mercedes
16812,1113,131,16.0,\N,Singapore Grand Prix,2023,mercedes
16823,1114,131,16.0,\N,Japanese Grand Prix,2023,mercedes
16832,1115,131,21.0,\N,Qatar Grand Prix,2023,mercedes
16843,1116,131,18.0,\N,United States Grand Prix,2023,mercedes
16851,1117,131,27.0,\N,Mexico City Grand Prix,2023,mercedes
16865,1118,131,11.0,\N,São Paulo Grand Prix,2023,mercedes
16874,1119,131,10.0,\N,Las Vegas Grand Prix,2023,mercedes
16892,1121,131,16.0,\N,Bahrain Grand Prix,2024,mercedes
16904,1122,131,10.0,\N,Saudi Arabian Grand Prix,2024,mercedes
16919,1123,131,0.0,\N,Australian Grand Prix,2024,mercedes
16924,1124,131,8.0,\N,Japanese Grand Prix,2024,mercedes
16933,1125,131,18.0,\N,Chinese Grand Prix,2024,mercedes
16943,1126,131,12.0,\N,Miami Grand Prix,2024,mercedes
16953,1127,131,15.0,\N,Emilia Romagna Grand Prix,2024,mercedes
16962,1128,131,17.0,\N,Monaco Grand Prix,2024,mercedes
16972,1129,131,28.0,\N,Canadian Grand Prix,2024,mercedes
16982,1130,131,27.0,\N,Spanish Grand Prix,2024,mercedes
16990,1131,131,45.0,\N,Austrian Grand Prix,2024,mercedes
17000,1132,131,25.0,\N,British Grand Prix,2024,mercedes
16884,1120,117,7.0,\N,Abu Dhabi Grand Prix,2023,aston_martin
16235,1052,117,1.0,\N,Bahrain Grand Prix,2021,aston_martin
16244,1053,117,4.0,\N,Emilia Romagna Grand Prix,2021,aston_martin
16257,1054,117,0.0,\N,Portuguese Grand Prix,2021,aston_martin
16266,1055,117,0.0,\N,Spanish Grand Prix,2021,aston_martin
16273,1056,117,14.0,\N,Monaco Grand Prix,2021,aston_martin
16281,1057,117,18.0,\N,Azerbaijan Grand Prix,2021,aston_martin
16295,1059,117,3.0,\N,French Grand Prix,2021,aston_martin
16304,1058,117,4.0,\N,Styrian Grand Prix,2021,aston_martin
16317,1060,117,0.0,\N,Austrian Grand Prix,2021,aston_martin
16324,1061,117,4.0,\N,British Grand Prix,2021,aston_martin
16331,1062,117,0.0,\N,Hungarian Grand Prix,2021,aston_martin
16344,1063,117,5.0,\N,Belgian Grand Prix,2021,aston_martin
16356,1064,117,0.0,\N,Dutch Grand Prix,2021,aston_martin
16364,1065,117,6.0,\N,Italian Grand Prix,2021,aston_martin
16377,1066,117,0.0,\N,Russian Grand Prix,2021,aston_martin
16385,1067,117,2.0,\N,Turkish Grand Prix,2021,aston_martin
16395,1069,117,1.0,\N,United States Grand Prix,2021,aston_martin
16404,1070,117,6.0,\N,Mexico City Grand Prix,2021,aston_martin
16416,1071,117,0.0,\N,São Paulo Grand Prix,2021,aston_martin
16423,1051,117,9.0,\N,Qatar Grand Prix,2021,aston_martin
16437,1072,117,0.0,\N,Saudi Arabian Grand Prix,2021,aston_martin
16446,1073,117,0.0,\N,Abu Dhabi Grand Prix,2021,aston_martin
16456,1074,117,0.0,\N,Bahrain Grand Prix,2022,aston_martin
16468,1075,117,0.0,\N,Saudi Arabian Grand Prix,2022,aston_martin
16478,1076,117,0.0,\N,Australian Grand Prix,2022,aston_martin
16486,1077,117,5.0,\N,Emilia Romagna Grand Prix,2022,aston_martin
16496,1078,117,1.0,\N,Miami Grand Prix,2022,aston_martin
16507,1079,117,0.0,\N,Spanish Grand Prix,2022,aston_martin
16516,1080,117,1.0,\N,Monaco Grand Prix,2022,aston_martin
16523,1081,117,8.0,\N,Azerbaijan Grand Prix,2022,aston_martin
16535,1082,117,1.0,\N,Canadian Grand Prix,2022,aston_martin
16546,1083,117,2.0,\N,British Grand Prix,2022,aston_martin
16558,1084,117,0.0,\N,Austrian Grand Prix,2022,aston_martin
16565,1085,117,1.0,\N,French Grand Prix,2022,aston_martin
16575,1086,117,1.0,\N,Hungarian Grand Prix,2022,aston_martin
16584,1087,117,4.0,\N,Belgian Grand Prix,2022,aston_martin
16595,1088,117,1.0,\N,Dutch Grand Prix,2022,aston_martin
16609,1089,117,0.0,\N,Italian Grand Prix,2022,aston_martin
16613,1091,117,12.0,\N,Singapore Grand Prix,2022,aston_martin
16624,1092,117,8.0,\N,Japanese Grand Prix,2022,aston_martin
16634,1093,117,4.0,\N,United States Grand Prix,2022,aston_martin
16648,1094,117,0.0,\N,Mexico City Grand Prix,2022,aston_martin
16655,1095,117,1.0,\N,São Paulo Grand Prix,2022,aston_martin
16665,1096,117,5.0,\N,Abu Dhabi Grand Prix,2022,aston_martin
16671,1098,117,23.0,\N,Bahrain Grand Prix,2023,aston_martin
16682,1099,117,15.0,\N,Saudi Arabian Grand Prix,2023,aston_martin
16692,1100,117,27.0,\N,Australian Grand Prix,2023,aston_martin
16702,1101,117,22.0,\N,Azerbaijan Grand Prix,2023,aston_martin
16711,1102,117,15.0,\N,Miami Grand Prix,2023,aston_martin
16721,1104,117,18.0,\N,Monaco Grand Prix,2023,aston_martin
16733,1105,117,14.0,\N,Spanish Grand Prix,2023,aston_martin
16741,1106,117,20.0,\N,Canadian Grand Prix,2023,aston_martin
16753,1107,117,21.0,\N,Austrian Grand Prix,2023,aston_martin
16763,1108,117,6.0,\N,British Grand Prix,2023,aston_martin
16774,1109,117,3.0,\N,Hungarian Grand Prix,2023,aston_martin
16783,1110,117,12.0,\N,Belgian Grand Prix,2023,aston_martin
16791,1111,117,19.0,\N,Dutch Grand Prix,2023,aston_martin
16805,1112,117,2.0,\N,Italian Grand Prix,2023,aston_martin
16819,1113,117,0.0,\N,Singapore Grand Prix,2023,aston_martin
16824,1114,117,4.0,\N,Japanese Grand Prix,2023,aston_martin
16834,1115,117,9.0,\N,Qatar Grand Prix,2023,aston_martin
16845,1116,117,6.0,\N,United States Grand Prix,2023,aston_martin
16859,1117,117,0.0,\N,Mexico City Grand Prix,2023,aston_martin
16862,1118,117,25.0,\N,São Paulo Grand Prix,2023,aston_martin
16873,1119,117,12.0,\N,Las Vegas Grand Prix,2023,aston_martin
16894,1121,117,3.0,\N,Bahrain Grand Prix,2024,aston_martin
16903,1122,117,10.0,\N,Saudi Arabian Grand Prix,2024,aston_martin
16913,1123,117,12.0,\N,Australian Grand Prix,2024,aston_martin
16923,1124,117,8.0,\N,Japanese Grand Prix,2024,aston_martin
16934,1125,117,7.0,\N,Chinese Grand Prix,2024,aston_martin
16945,1126,117,2.0,\N,Miami Grand Prix,2024,aston_martin
16954,1127,117,2.0,\N,Emilia Romagna Grand Prix,2024,aston_martin
16967,1128,117,0.0,\N,Monaco Grand Prix,2024,aston_martin
16973,1129,117,14.0,\N,Canadian Grand Prix,2024,aston_martin
16986,1130,117,0.0,\N,Spanish Grand Prix,2024,aston_martin
16997,1131,117,0.0,\N,Austrian Grand Prix,2024,aston_martin
17005,1132,117,10.0,\N,British Grand Prix,2024,aston_martin
16885,1120,213,4.0,\N,Abu Dhabi Grand Prix,2023,alphatauri
16064,1031,213,6.0,\N,Austrian Grand Prix,2020,alphatauri
16075,1032,213,1.0,\N,Styrian Grand Prix,2020,alphatauri
16087,1033,213,0.0,\N,Hungarian Grand Prix,2020,alphatauri
16095,1034,213,6.0,\N,British Grand Prix,2020,alphatauri
16106,1035,213,1.0,\N,70th Anniversary Grand Prix,2020,alphatauri
16115,1036,213,2.0,\N,Spanish Grand Prix,2020,alphatauri
16124,1037,213,4.0,\N,Belgian Grand Prix,2020,alphatauri
16130,1038,213,27.0,\N,Italian Grand Prix,2020,alphatauri
16145,1039,213,6.0,\N,Tuscan Grand Prix,2020,alphatauri
16155,1040,213,6.0,\N,Russian Grand Prix,2020,alphatauri
16165,1041,213,8.0,\N,Eifel Grand Prix,2020,alphatauri
16173,1042,213,10.0,\N,Portuguese Grand Prix,2020,alphatauri
16182,1043,213,12.0,\N,Emilia Romagna Grand Prix,2020,alphatauri
16196,1044,213,0.0,\N,Turkish Grand Prix,2020,alphatauri
16203,1045,213,8.0,\N,Bahrain Grand Prix,2020,alphatauri
16214,1046,213,6.0,\N,Sakhir Grand Prix,2020,alphatauri
16224,1047,213,4.0,\N,Abu Dhabi Grand Prix,2020,alphatauri
16234,1052,213,2.0,\N,Bahrain Grand Prix,2021,alphatauri
16245,1053,213,6.0,\N,Emilia Romagna Grand Prix,2021,alphatauri
16255,1054,213,1.0,\N,Portuguese Grand Prix,2021,alphatauri
16265,1055,213,1.0,\N,Spanish Grand Prix,2021,alphatauri
16274,1056,213,8.0,\N,Monaco Grand Prix,2021,alphatauri
16282,1057,213,21.0,\N,Azerbaijan Grand Prix,2021,alphatauri
16293,1059,213,6.0,\N,French Grand Prix,2021,alphatauri
16306,1058,213,1.0,\N,Styrian Grand Prix,2021,alphatauri
16314,1060,213,2.0,\N,Austrian Grand Prix,2021,alphatauri
16325,1061,213,1.0,\N,British Grand Prix,2021,alphatauri
16334,1062,213,19.0,\N,Hungarian Grand Prix,2021,alphatauri
16345,1063,213,4.0,\N,Belgian Grand Prix,2021,alphatauri
16352,1064,213,12.0,\N,Dutch Grand Prix,2021,alphatauri
16369,1065,213,0.0,\N,Italian Grand Prix,2021,alphatauri
16378,1066,213,0.0,\N,Russian Grand Prix,2021,alphatauri
16383,1067,213,8.0,\N,Turkish Grand Prix,2021,alphatauri
16394,1069,213,2.0,\N,United States Grand Prix,2021,alphatauri
16402,1070,213,12.0,\N,Mexico City Grand Prix,2021,alphatauri
16413,1071,213,6.0,\N,São Paulo Grand Prix,2021,alphatauri
16426,1051,213,0.0,\N,Qatar Grand Prix,2021,alphatauri
16434,1072,213,8.0,\N,Saudi Arabian Grand Prix,2021,alphatauri
16443,1073,213,22.0,\N,Abu Dhabi Grand Prix,2021,alphatauri
16455,1074,213,4.0,\N,Bahrain Grand Prix,2022,alphatauri
16465,1075,213,4.0,\N,Saudi Arabian Grand Prix,2022,alphatauri
16476,1076,213,2.0,\N,Australian Grand Prix,2022,alphatauri
16485,1077,213,6.0,\N,Emilia Romagna Grand Prix,2022,alphatauri
16497,1078,213,0.0,\N,Miami Grand Prix,2022,alphatauri
16506,1079,213,1.0,\N,Spanish Grand Prix,2022,alphatauri
16517,1080,213,0.0,\N,Monaco Grand Prix,2022,alphatauri
16522,1081,213,10.0,\N,Azerbaijan Grand Prix,2022,alphatauri
16538,1082,213,0.0,\N,Canadian Grand Prix,2022,alphatauri
16548,1083,213,0.0,\N,British Grand Prix,2022,alphatauri
16559,1084,213,0.0,\N,Austrian Grand Prix,2022,alphatauri
16566,1085,213,0.0,\N,French Grand Prix,2022,alphatauri
16576,1086,213,0.0,\N,Hungarian Grand Prix,2022,alphatauri
16585,1087,213,2.0,\N,Belgian Grand Prix,2022,alphatauri
16596,1088,213,0.0,\N,Dutch Grand Prix,2022,alphatauri
16604,1089,213,4.0,\N,Italian Grand Prix,2022,alphatauri
16615,1091,213,1.0,\N,Singapore Grand Prix,2022,alphatauri
16627,1092,213,0.0,\N,Japanese Grand Prix,2022,alphatauri
16636,1093,213,1.0,\N,United States Grand Prix,2022,alphatauri
16646,1094,213,0.0,\N,Mexico City Grand Prix,2022,alphatauri
16657,1095,213,0.0,\N,São Paulo Grand Prix,2022,alphatauri
16666,1096,213,0.0,\N,Abu Dhabi Grand Prix,2022,alphatauri
16677,1098,213,0.0,\N,Bahrain Grand Prix,2023,alphatauri
16686,1099,213,0.0,\N,Saudi Arabian Grand Prix,2023,alphatauri
16696,1100,213,1.0,\N,Australian Grand Prix,2023,alphatauri
16705,1101,213,1.0,\N,Azerbaijan Grand Prix,2023,alphatauri
16716,1102,213,0.0,\N,Miami Grand Prix,2023,alphatauri
16727,1104,213,0.0,\N,Monaco Grand Prix,2023,alphatauri
16736,1105,213,0.0,\N,Spanish Grand Prix,2023,alphatauri
16748,1106,213,0.0,\N,Canadian Grand Prix,2023,alphatauri
16758,1107,213,0.0,\N,Austrian Grand Prix,2023,alphatauri
16768,1108,213,0.0,\N,British Grand Prix,2023,alphatauri
16777,1109,213,0.0,\N,Hungarian Grand Prix,2023,alphatauri
16786,1110,213,1.0,\N,Belgian Grand Prix,2023,alphatauri
16798,1111,213,0.0,\N,Dutch Grand Prix,2023,alphatauri
16807,1112,213,0.0,\N,Italian Grand Prix,2023,alphatauri
16815,1113,213,2.0,\N,Singapore Grand Prix,2023,alphatauri
16826,1114,213,0.0,\N,Japanese Grand Prix,2023,alphatauri
16839,1115,213,0.0,\N,Qatar Grand Prix,2023,alphatauri
16846,1116,213,5.0,\N,United States Grand Prix,2023,alphatauri
16854,1117,213,6.0,\N,Mexico City Grand Prix,2023,alphatauri
16866,1118,213,5.0,\N,São Paulo Grand Prix,2023,alphatauri
16878,1119,213,0.0,\N,Las Vegas Grand Prix,2023,alphatauri
16886,1120,214,0.0,\N,Abu Dhabi Grand Prix,2023,alpine
16237,1052,214,0.0,\N,Bahrain Grand Prix,2021,alpine
16247,1053,214,3.0,\N,Emilia Romagna Grand Prix,2021,alpine
16254,1054,214,10.0,\N,Portuguese Grand Prix,2021,alpine
16264,1055,214,2.0,\N,Spanish Grand Prix,2021,alpine
16276,1056,214,2.0,\N,Monaco Grand Prix,2021,alpine
16285,1057,214,8.0,\N,Azerbaijan Grand Prix,2021,alpine
16294,1059,214,4.0,\N,French Grand Prix,2021,alpine
16305,1058,214,2.0,\N,Styrian Grand Prix,2021,alpine
16315,1060,214,1.0,\N,Austrian Grand Prix,2021,alpine
16323,1061,214,8.0,\N,British Grand Prix,2021,alpine
16330,1062,214,37.0,\N,Hungarian Grand Prix,2021,alpine
16346,1063,214,3.0,\N,Belgian Grand Prix,2021,alpine
16354,1064,214,10.0,\N,Dutch Grand Prix,2021,alpine
16365,1065,214,5.0,\N,Italian Grand Prix,2021,alpine
16374,1066,214,8.0,\N,Russian Grand Prix,2021,alpine
16386,1067,214,1.0,\N,Turkish Grand Prix,2021,alpine
16399,1069,214,0.0,\N,United States Grand Prix,2021,alpine
16406,1070,214,2.0,\N,Mexico City Grand Prix,2021,alpine
16414,1071,214,6.0,\N,São Paulo Grand Prix,2021,alpine
16422,1051,214,25.0,\N,Qatar Grand Prix,2021,alpine
16432,1072,214,12.0,\N,Saudi Arabian Grand Prix,2021,alpine
16445,1073,214,6.0,\N,Abu Dhabi Grand Prix,2021,alpine
16454,1074,214,8.0,\N,Bahrain Grand Prix,2022,alpine
16463,1075,214,8.0,\N,Saudi Arabian Grand Prix,2022,alpine
16474,1076,214,6.0,\N,Australian Grand Prix,2022,alpine
16489,1077,214,0.0,\N,Emilia Romagna Grand Prix,2022,alpine
16494,1078,214,4.0,\N,Miami Grand Prix,2022,alpine
16504,1079,214,8.0,\N,Spanish Grand Prix,2022,alpine
16514,1080,214,6.0,\N,Monaco Grand Prix,2022,alpine
16524,1081,214,7.0,\N,Azerbaijan Grand Prix,2022,alpine
16533,1082,214,10.0,\N,Canadian Grand Prix,2022,alpine
16543,1083,214,10.0,\N,British Grand Prix,2022,alpine
16553,1084,214,14.0,\N,Austrian Grand Prix,2022,alpine
16563,1085,214,12.0,\N,French Grand Prix,2022,alpine
16574,1086,214,6.0,\N,Hungarian Grand Prix,2022,alpine
16583,1087,214,16.0,\N,Belgian Grand Prix,2022,alpine
16593,1088,214,10.0,\N,Dutch Grand Prix,2022,alpine
16607,1089,214,0.0,\N,Italian Grand Prix,2022,alpine
16618,1091,214,0.0,\N,Singapore Grand Prix,2022,alpine
16622,1092,214,18.0,\N,Japanese Grand Prix,2022,alpine
16637,1093,214,6.0,\N,United States Grand Prix,2022,alpine
16644,1094,214,4.0,\N,Mexico City Grand Prix,2022,alpine
16652,1095,214,14.0,\N,São Paulo Grand Prix,2022,alpine
16664,1096,214,6.0,\N,Abu Dhabi Grand Prix,2022,alpine
16675,1098,214,2.0,\N,Bahrain Grand Prix,2023,alpine
16684,1099,214,6.0,\N,Saudi Arabian Grand Prix,2023,alpine
16698,1100,214,0.0,\N,Australian Grand Prix,2023,alpine
16708,1101,214,0.0,\N,Azerbaijan Grand Prix,2023,alpine
16714,1102,214,6.0,\N,Miami Grand Prix,2023,alpine
16722,1104,214,21.0,\N,Monaco Grand Prix,2023,alpine
16734,1105,214,5.0,\N,Spanish Grand Prix,2023,alpine
16745,1106,214,4.0,\N,Canadian Grand Prix,2023,alpine
16755,1107,214,3.0,\N,Austrian Grand Prix,2023,alpine
16769,1108,214,0.0,\N,British Grand Prix,2023,alpine
16779,1109,214,0.0,\N,Hungarian Grand Prix,2023,alpine
16785,1110,214,10.0,\N,Belgian Grand Prix,2023,alpine
16792,1111,214,16.0,\N,Dutch Grand Prix,2023,alpine
16808,1112,214,0.0,\N,Italian Grand Prix,2023,alpine
16814,1113,214,8.0,\N,Singapore Grand Prix,2023,alpine
16825,1114,214,3.0,\N,Japanese Grand Prix,2023,alpine
16835,1115,214,6.0,\N,Qatar Grand Prix,2023,alpine
16844,1116,214,10.0,\N,United States Grand Prix,2023,alpine
16856,1117,214,1.0,\N,Mexico City Grand Prix,2023,alpine
16864,1118,214,7.0,\N,São Paulo Grand Prix,2023,alpine
16872,1119,214,12.0,\N,Las Vegas Grand Prix,2023,alpine
16899,1121,214,0.0,\N,Bahrain Grand Prix,2024,alpine
16907,1122,214,0.0,\N,Saudi Arabian Grand Prix,2024,alpine
16917,1123,214,0.0,\N,Australian Grand Prix,2024,alpine
16928,1124,214,0.0,\N,Japanese Grand Prix,2024,alpine
16936,1125,214,0.0,\N,Chinese Grand Prix,2024,alpine
16946,1126,214,1.0,\N,Miami Grand Prix,2024,alpine
16957,1127,214,0.0,\N,Emilia Romagna Grand Prix,2024,alpine
16966,1128,214,1.0,\N,Monaco Grand Prix,2024,alpine
16975,1129,214,3.0,\N,Canadian Grand Prix,2024,alpine
16984,1130,214,3.0,\N,Spanish Grand Prix,2024,alpine
16996,1131,214,1.0,\N,Austrian Grand Prix,2024,alpine
17009,1132,214,0.0,\N,British Grand Prix,2024,alpine
16887,1120,3,0.0,\N,Abu Dhabi Grand Prix,2023,williams
15859,1010,3,0.0,\N,Australian Grand Prix,2019,williams
15867,1011,3,0.0,\N,Bahrain Grand Prix,2019,williams
15879,1012,3,0.0,\N,Chinese Grand Prix,2019,williams
15889,1013,3,0.0,\N,Azerbaijan Grand Prix,2019,williams
15899,1014,3,0.0,\N,Spanish Grand Prix,2019,williams
15908,1015,3,0.0,\N,Monaco Grand Prix,2019,williams
15919,1016,3,0.0,\N,Canadian Grand Prix,2019,williams
15929,1017,3,0.0,\N,French Grand Prix,2019,williams
15939,1018,3,0.0,\N,Austrian Grand Prix,2019,williams
15948,1019,3,0.0,\N,British Grand Prix,2019,williams
15958,1020,3,1.0,\N,German Grand Prix,2019,williams
15969,1021,3,0.0,\N,Hungarian Grand Prix,2019,williams
15978,1022,3,0.0,\N,Belgian Grand Prix,2019,williams
15988,1023,3,0.0,\N,Italian Grand Prix,2019,williams
15999,1024,3,0.0,\N,Singapore Grand Prix,2019,williams
16009,1025,3,0.0,\N,Russian Grand Prix,2019,williams
16019,1026,3,0.0,\N,Japanese Grand Prix,2019,williams
16029,1027,3,0.0,\N,Mexican Grand Prix,2019,williams
16039,1028,3,0.0,\N,United States Grand Prix,2019,williams
16048,1029,3,0.0,\N,Brazilian Grand Prix,2019,williams
16059,1030,3,0.0,\N,Abu Dhabi Grand Prix,2019,williams
16067,1031,3,0.0,\N,Austrian Grand Prix,2020,williams
16078,1032,3,0.0,\N,Styrian Grand Prix,2020,williams
16089,1033,3,0.0,\N,Hungarian Grand Prix,2020,williams
16097,1034,3,0.0,\N,British Grand Prix,2020,williams
16109,1035,3,0.0,\N,70th Anniversary Grand Prix,2020,williams
16119,1036,3,0.0,\N,Spanish Grand Prix,2020,williams
16129,1037,3,0.0,\N,Belgian Grand Prix,2020,williams
16135,1038,3,0.0,\N,Italian Grand Prix,2020,williams
16148,1039,3,0.0,\N,Tuscan Grand Prix,2020,williams
16159,1040,3,0.0,\N,Russian Grand Prix,2020,williams
16169,1041,3,0.0,\N,Eifel Grand Prix,2020,williams
16178,1042,3,0.0,\N,Portuguese Grand Prix,2020,williams
16187,1043,3,0.0,\N,Emilia Romagna Grand Prix,2020,williams
16198,1044,3,0.0,\N,Turkish Grand Prix,2020,williams
16206,1045,3,0.0,\N,Bahrain Grand Prix,2020,williams
16219,1046,3,0.0,\N,Sakhir Grand Prix,2020,williams
16228,1047,3,0.0,\N,Abu Dhabi Grand Prix,2020,williams
16238,1052,3,0.0,\N,Bahrain Grand Prix,2021,williams
16249,1053,3,0.0,\N,Emilia Romagna Grand Prix,2021,williams
16258,1054,3,0.0,\N,Portuguese Grand Prix,2021,williams
16268,1055,3,0.0,\N,Spanish Grand Prix,2021,williams
16278,1056,3,0.0,\N,Monaco Grand Prix,2021,williams
16289,1057,3,0.0,\N,Azerbaijan Grand Prix,2021,williams
16297,1059,3,0.0,\N,French Grand Prix,2021,williams
16309,1058,3,0.0,\N,Styrian Grand Prix,2021,williams
16316,1060,3,0.0,\N,Austrian Grand Prix,2021,williams
16326,1061,3,0.0,\N,British Grand Prix,2021,williams
16335,1062,3,10.0,\N,Hungarian Grand Prix,2021,williams
16341,1063,3,10.0,\N,Belgian Grand Prix,2021,williams
16358,1064,3,0.0,\N,Dutch Grand Prix,2021,williams
16366,1065,3,2.0,\N,Italian Grand Prix,2021,williams
16376,1066,3,1.0,\N,Russian Grand Prix,2021,williams
16388,1067,3,0.0,\N,Turkish Grand Prix,2021,williams
16397,1069,3,0.0,\N,United States Grand Prix,2021,williams
16408,1070,3,0.0,\N,Mexico City Grand Prix,2021,williams
16418,1071,3,0.0,\N,São Paulo Grand Prix,2021,williams
16429,1051,3,0.0,\N,Qatar Grand Prix,2021,williams
16438,1072,3,0.0,\N,Saudi Arabian Grand Prix,2021,williams
16448,1073,3,0.0,\N,Abu Dhabi Grand Prix,2021,williams
16457,1074,3,0.0,\N,Bahrain Grand Prix,2022,williams
16469,1075,3,0.0,\N,Saudi Arabian Grand Prix,2022,williams
16477,1076,3,1.0,\N,Australian Grand Prix,2022,williams
16488,1077,3,0.0,\N,Emilia Romagna Grand Prix,2022,williams
16495,1078,3,2.0,\N,Miami Grand Prix,2022,williams
16509,1079,3,0.0,\N,Spanish Grand Prix,2022,williams
16518,1080,3,0.0,\N,Monaco Grand Prix,2022,williams
16527,1081,3,0.0,\N,Azerbaijan Grand Prix,2022,williams
16537,1082,3,0.0,\N,Canadian Grand Prix,2022,williams
16547,1083,3,0.0,\N,British Grand Prix,2022,williams
16557,1084,3,0.0,\N,Austrian Grand Prix,2022,williams
16567,1085,3,0.0,\N,French Grand Prix,2022,williams
16579,1086,3,0.0,\N,Hungarian Grand Prix,2022,williams
16586,1087,3,1.0,\N,Belgian Grand Prix,2022,williams
16597,1088,3,0.0,\N,Dutch Grand Prix,2022,williams
16605,1089,3,2.0,\N,Italian Grand Prix,2022,williams
16619,1091,3,0.0,\N,Singapore Grand Prix,2022,williams
16625,1092,3,2.0,\N,Japanese Grand Prix,2022,williams
16639,1093,3,0.0,\N,United States Grand Prix,2022,williams
16647,1094,3,0.0,\N,Mexico City Grand Prix,2022,williams
16658,1095,3,0.0,\N,São Paulo Grand Prix,2022,williams
16668,1096,3,0.0,\N,Abu Dhabi Grand Prix,2022,williams
16676,1098,3,1.0,\N,Bahrain Grand Prix,2023,williams
16689,1099,3,0.0,\N,Saudi Arabian Grand Prix,2023,williams
16699,1100,3,0.0,\N,Australian Grand Prix,2023,williams
16706,1101,3,0.0,\N,Azerbaijan Grand Prix,2023,williams
16718,1102,3,0.0,\N,Miami Grand Prix,2023,williams
16728,1104,3,0.0,\N,Monaco Grand Prix,2023,williams
16739,1105,3,0.0,\N,Spanish Grand Prix,2023,williams
16744,1106,3,6.0,\N,Canadian Grand Prix,2023,williams
16756,1107,3,0.0,\N,Austrian Grand Prix,2023,williams
16764,1108,3,4.0,\N,British Grand Prix,2023,williams
16775,1109,3,0.0,\N,Hungarian Grand Prix,2023,williams
16788,1110,3,0.0,\N,Belgian Grand Prix,2023,williams
16796,1111,3,4.0,\N,Dutch Grand Prix,2023,williams
16803,1112,3,6.0,\N,Italian Grand Prix,2023,williams
16817,1113,3,0.0,\N,Singapore Grand Prix,2023,williams
16829,1114,3,0.0,\N,Japanese Grand Prix,2023,williams
16837,1115,3,2.0,\N,Qatar Grand Prix,2023,williams
16847,1116,3,3.0,\N,United States Grand Prix,2023,williams
16855,1117,3,2.0,\N,Mexico City Grand Prix,2023,williams
16867,1118,3,0.0,\N,São Paulo Grand Prix,2023,williams
16876,1119,3,0.0,\N,Las Vegas Grand Prix,2023,williams
16898,1121,3,0.0,\N,Bahrain Grand Prix,2024,williams
16906,1122,3,0.0,\N,Saudi Arabian Grand Prix,2024,williams
16916,1123,3,0.0,\N,Australian Grand Prix,2024,williams
16929,1124,3,0.0,\N,Japanese Grand Prix,2024,williams
16937,1125,3,0.0,\N,Chinese Grand Prix,2024,williams
16949,1126,3,0.0,\N,Miami Grand Prix,2024,williams
16959,1127,3,0.0,\N,Emilia Romagna Grand Prix,2024,williams
16965,1128,3,2.0,\N,Monaco Grand Prix,2024,williams
16979,1129,3,0.0,\N,Canadian Grand Prix,2024,williams
16989,1130,3,0.0,\N,Spanish Grand Prix,2024,williams
16998,1131,3,0.0,\N,Austrian Grand Prix,2024,williams
17006,1132,3,2.0,\N,British Grand Prix,2024,williams
16888,1120,210,0.0,\N,Abu Dhabi Grand Prix,2023,haas
15853,1010,210,8.0,\N,Australian Grand Prix,2019,haas
15866,1011,210,0.0,\N,Bahrain Grand Prix,2019,haas
15877,1012,210,0.0,\N,Chinese Grand Prix,2019,haas
15887,1013,210,0.0,\N,Azerbaijan Grand Prix,2019,haas
15893,1014,210,7.0,\N,Spanish Grand Prix,2019,haas
15906,1015,210,1.0,\N,Monaco Grand Prix,2019,haas
15918,1016,210,0.0,\N,Canadian Grand Prix,2019,haas
15928,1017,210,0.0,\N,French Grand Prix,2019,haas
15938,1018,210,0.0,\N,Austrian Grand Prix,2019,haas
15949,1019,210,0.0,\N,British Grand Prix,2019,haas
15956,1020,210,10.0,\N,German Grand Prix,2019,haas
15968,1021,210,0.0,\N,Hungarian Grand Prix,2019,haas
15977,1022,210,0.0,\N,Belgian Grand Prix,2019,haas
15989,1023,210,0.0,\N,Italian Grand Prix,2019,haas
15997,1024,210,0.0,\N,Singapore Grand Prix,2019,haas
16005,1025,210,2.0,\N,Russian Grand Prix,2019,haas
16018,1026,210,0.0,\N,Japanese Grand Prix,2019,haas
16028,1027,210,0.0,\N,Mexican Grand Prix,2019,haas
16038,1028,210,0.0,\N,United States Grand Prix,2019,haas
16047,1029,210,0.0,\N,Brazilian Grand Prix,2019,haas
16058,1030,210,0.0,\N,Abu Dhabi Grand Prix,2019,haas
16069,1031,210,0.0,\N,Austrian Grand Prix,2020,haas
16077,1032,210,0.0,\N,Styrian Grand Prix,2020,haas
16085,1033,210,1.0,\N,Hungarian Grand Prix,2020,haas
16099,1034,210,0.0,\N,British Grand Prix,2020,haas
16108,1035,210,0.0,\N,70th Anniversary Grand Prix,2020,haas
16118,1036,210,0.0,\N,Spanish Grand Prix,2020,haas
16128,1037,210,0.0,\N,Belgian Grand Prix,2020,haas
16136,1038,210,0.0,\N,Italian Grand Prix,2020,haas
16149,1039,210,0.0,\N,Tuscan Grand Prix,2020,haas
16157,1040,210,0.0,\N,Russian Grand Prix,2020,haas
16167,1041,210,2.0,\N,Eifel Grand Prix,2020,haas
16179,1042,210,0.0,\N,Portuguese Grand Prix,2020,haas
16188,1043,210,0.0,\N,Emilia Romagna Grand Prix,2020,haas
16199,1044,210,0.0,\N,Turkish Grand Prix,2020,haas
16208,1045,210,0.0,\N,Bahrain Grand Prix,2020,haas
16218,1046,210,0.0,\N,Sakhir Grand Prix,2020,haas
16229,1047,210,0.0,\N,Abu Dhabi Grand Prix,2020,haas
16239,1052,210,0.0,\N,Bahrain Grand Prix,2021,haas
16248,1053,210,0.0,\N,Emilia Romagna Grand Prix,2021,haas
16259,1054,210,0.0,\N,Portuguese Grand Prix,2021,haas
16269,1055,210,0.0,\N,Spanish Grand Prix,2021,haas
16279,1056,210,0.0,\N,Monaco Grand Prix,2021,haas
16288,1057,210,0.0,\N,Azerbaijan Grand Prix,2021,haas
16299,1059,210,0.0,\N,French Grand Prix,2021,haas
16308,1058,210,0.0,\N,Styrian Grand Prix,2021,haas
16319,1060,210,0.0,\N,Austrian Grand Prix,2021,haas
16329,1061,210,0.0,\N,British Grand Prix,2021,haas
16339,1062,210,0.0,\N,Hungarian Grand Prix,2021,haas
16349,1063,210,0.0,\N,Belgian Grand Prix,2021,haas
16359,1064,210,0.0,\N,Dutch Grand Prix,2021,haas
16368,1065,210,0.0,\N,Italian Grand Prix,2021,haas
16379,1066,210,0.0,\N,Russian Grand Prix,2021,haas
16389,1067,210,0.0,\N,Turkish Grand Prix,2021,haas
16398,1069,210,0.0,\N,United States Grand Prix,2021,haas
16409,1070,210,0.0,\N,Mexico City Grand Prix,2021,haas
16419,1071,210,0.0,\N,São Paulo Grand Prix,2021,haas
16428,1051,210,0.0,\N,Qatar Grand Prix,2021,haas
16439,1072,210,0.0,\N,Saudi Arabian Grand Prix,2021,haas
16447,1073,210,0.0,\N,Abu Dhabi Grand Prix,2021,haas
16452,1074,210,10.0,\N,Bahrain Grand Prix,2022,haas
16466,1075,210,2.0,\N,Saudi Arabian Grand Prix,2022,haas
16479,1076,210,0.0,\N,Australian Grand Prix,2022,haas
16487,1077,210,3.0,\N,Emilia Romagna Grand Prix,2022,haas
16499,1078,210,0.0,\N,Miami Grand Prix,2022,haas
16508,1079,210,0.0,\N,Spanish Grand Prix,2022,haas
16519,1080,210,0.0,\N,Monaco Grand Prix,2022,haas
16528,1081,210,0.0,\N,Azerbaijan Grand Prix,2022,haas
16539,1082,210,0.0,\N,Canadian Grand Prix,2022,haas
16545,1083,210,5.0,\N,British Grand Prix,2022,haas
16554,1084,210,14.0,\N,Austrian Grand Prix,2022,haas
16569,1085,210,0.0,\N,French Grand Prix,2022,haas
16578,1086,210,0.0,\N,Hungarian Grand Prix,2022,haas
16589,1087,210,0.0,\N,Belgian Grand Prix,2022,haas
16598,1088,210,0.0,\N,Dutch Grand Prix,2022,haas
16608,1089,210,0.0,\N,Italian Grand Prix,2022,haas
16617,1091,210,0.0,\N,Singapore Grand Prix,2022,haas
16628,1092,210,0.0,\N,Japanese Grand Prix,2022,haas
16635,1093,210,2.0,\N,United States Grand Prix,2022,haas
16649,1094,210,0.0,\N,Mexico City Grand Prix,2022,haas
16656,1095,210,1.0,\N,São Paulo Grand Prix,2022,haas
16669,1096,210,0.0,\N,Abu Dhabi Grand Prix,2022,haas
16678,1098,210,0.0,\N,Bahrain Grand Prix,2023,haas
16685,1099,210,1.0,\N,Saudi Arabian Grand Prix,2023,haas
16694,1100,210,6.0,\N,Australian Grand Prix,2023,haas
16707,1101,210,0.0,\N,Azerbaijan Grand Prix,2023,haas
16715,1102,210,1.0,\N,Miami Grand Prix,2023,haas
16729,1104,210,0.0,\N,Monaco Grand Prix,2023,haas
16738,1105,210,0.0,\N,Spanish Grand Prix,2023,haas
16749,1106,210,0.0,\N,Canadian Grand Prix,2023,haas
16759,1107,210,3.0,\N,Austrian Grand Prix,2023,haas
16767,1108,210,0.0,\N,British Grand Prix,2023,haas
16778,1109,210,0.0,\N,Hungarian Grand Prix,2023,haas
16789,1110,210,0.0,\N,Belgian Grand Prix,2023,haas
16797,1111,210,0.0,\N,Dutch Grand Prix,2023,haas
16809,1112,210,0.0,\N,Italian Grand Prix,2023,haas
16816,1113,210,1.0,\N,Singapore Grand Prix,2023,haas
16828,1114,210,0.0,\N,Japanese Grand Prix,2023,haas
16838,1115,210,0.0,\N,Qatar Grand Prix,2023,haas
16848,1116,210,0.0,\N,United States Grand Prix,2023,haas
16857,1117,210,0.0,\N,Mexico City Grand Prix,2023,haas
16868,1118,210,0.0,\N,São Paulo Grand Prix,2023,haas
16877,1119,210,0.0,\N,Las Vegas Grand Prix,2023,haas
16896,1121,210,0.0,\N,Bahrain Grand Prix,2024,haas
16905,1122,210,1.0,\N,Saudi Arabian Grand Prix,2024,haas
16915,1123,210,3.0,\N,Australian Grand Prix,2024,haas
16926,1124,210,0.0,\N,Japanese Grand Prix,2024,haas
16935,1125,210,1.0,\N,Chinese Grand Prix,2024,haas
16947,1126,210,2.0,\N,Miami Grand Prix,2024,haas
16956,1127,210,0.0,\N,Emilia Romagna Grand Prix,2024,haas
16969,1128,210,0.0,\N,Monaco Grand Prix,2024,haas
16976,1129,210,0.0,\N,Canadian Grand Prix,2024,haas
16985,1130,210,0.0,\N,Spanish Grand Prix,2024,haas
16994,1131,210,12.0,\N,Austrian Grand Prix,2024,haas
17004,1132,210,8.0,\N,British Grand Prix,2024,haas
16889,1120,51,0.0,\N,Abu Dhabi Grand Prix,2023,alfa
15855,1010,51,4.0,\N,Australian Grand Prix,2019,alfa
15864,1011,51,6.0,\N,Bahrain Grand Prix,2019,alfa
15875,1012,51,2.0,\N,Chinese Grand Prix,2019,alfa
15885,1013,51,1.0,\N,Azerbaijan Grand Prix,2019,alfa
15897,1014,51,0.0,\N,Spanish Grand Prix,2019,alfa
15909,1015,51,0.0,\N,Monaco Grand Prix,2019,alfa
15917,1016,51,0.0,\N,Canadian Grand Prix,2019,alfa
15925,1017,51,6.0,\N,French Grand Prix,2019,alfa
15934,1018,51,3.0,\N,Austrian Grand Prix,2019,alfa
15945,1019,51,4.0,\N,British Grand Prix,2019,alfa
15955,1020,51,0.0,\N,German Grand Prix,2019,alfa
15964,1021,51,6.0,\N,Hungarian Grand Prix,2019,alfa
15979,1022,51,0.0,\N,Belgian Grand Prix,2019,alfa
15985,1023,51,2.0,\N,Italian Grand Prix,2019,alfa
15996,1024,51,1.0,\N,Singapore Grand Prix,2019,alfa
16008,1025,51,0.0,\N,Russian Grand Prix,2019,alfa
16017,1026,51,0.0,\N,Japanese Grand Prix,2019,alfa
16027,1027,51,0.0,\N,Mexican Grand Prix,2019,alfa
16036,1028,51,0.0,\N,United States Grand Prix,2019,alfa
16043,1029,51,22.0,\N,Brazilian Grand Prix,2019,alfa
16057,1030,51,0.0,\N,Abu Dhabi Grand Prix,2019,alfa
16066,1031,51,2.0,\N,Austrian Grand Prix,2020,alfa
16076,1032,51,0.0,\N,Styrian Grand Prix,2020,alfa
16088,1033,51,0.0,\N,Hungarian Grand Prix,2020,alfa
16098,1034,51,0.0,\N,British Grand Prix,2020,alfa
16107,1035,51,0.0,\N,70th Anniversary Grand Prix,2020,alfa
16117,1036,51,0.0,\N,Spanish Grand Prix,2020,alfa
16126,1037,51,0.0,\N,Belgian Grand Prix,2020,alfa
16137,1038,51,0.0,\N,Italian Grand Prix,2020,alfa
16147,1039,51,2.0,\N,Tuscan Grand Prix,2020,alfa
16156,1040,51,0.0,\N,Russian Grand Prix,2020,alfa
16168,1041,51,1.0,\N,Eifel Grand Prix,2020,alfa
16177,1042,51,0.0,\N,Portuguese Grand Prix,2020,alfa
16186,1043,51,3.0,\N,Emilia Romagna Grand Prix,2020,alfa
16197,1044,51,0.0,\N,Turkish Grand Prix,2020,alfa
16207,1045,51,0.0,\N,Bahrain Grand Prix,2020,alfa
16217,1046,51,0.0,\N,Sakhir Grand Prix,2020,alfa
16226,1047,51,0.0,\N,Abu Dhabi Grand Prix,2020,alfa
16236,1052,51,0.0,\N,Bahrain Grand Prix,2021,alfa
16246,1053,51,0.0,\N,Emilia Romagna Grand Prix,2021,alfa
16256,1054,51,0.0,\N,Portuguese Grand Prix,2021,alfa
16267,1055,51,0.0,\N,Spanish Grand Prix,2021,alfa
16277,1056,51,1.0,\N,Monaco Grand Prix,2021,alfa
16286,1057,51,1.0,\N,Azerbaijan Grand Prix,2021,alfa
16298,1059,51,0.0,\N,French Grand Prix,2021,alfa
16307,1058,51,0.0,\N,Styrian Grand Prix,2021,alfa
16318,1060,51,0.0,\N,Austrian Grand Prix,2021,alfa
16327,1061,51,0.0,\N,British Grand Prix,2021,alfa
16337,1062,51,1.0,\N,Hungarian Grand Prix,2021,alfa
16348,1063,51,0.0,\N,Belgian Grand Prix,2021,alfa
16357,1064,51,0.0,\N,Dutch Grand Prix,2021,alfa
16367,1065,51,0.0,\N,Italian Grand Prix,2021,alfa
16375,1066,51,4.0,\N,Russian Grand Prix,2021,alfa
16387,1067,51,0.0,\N,Turkish Grand Prix,2021,alfa
16396,1069,51,0.0,\N,United States Grand Prix,2021,alfa
16405,1070,51,4.0,\N,Mexico City Grand Prix,2021,alfa
16417,1071,51,0.0,\N,São Paulo Grand Prix,2021,alfa
16427,1051,51,0.0,\N,Qatar Grand Prix,2021,alfa
16436,1072,51,2.0,\N,Saudi Arabian Grand Prix,2021,alfa
16449,1073,51,0.0,\N,Abu Dhabi Grand Prix,2021,alfa
16453,1074,51,9.0,\N,Bahrain Grand Prix,2022,alfa
16467,1075,51,0.0,\N,Saudi Arabian Grand Prix,2022,alfa
16475,1076,51,4.0,\N,Australian Grand Prix,2022,alfa
16483,1077,51,12.0,\N,Emilia Romagna Grand Prix,2022,alfa
16493,1078,51,6.0,\N,Miami Grand Prix,2022,alfa
16503,1079,51,8.0,\N,Spanish Grand Prix,2022,alfa
16515,1080,51,2.0,\N,Monaco Grand Prix,2022,alfa
16526,1081,51,0.0,\N,Azerbaijan Grand Prix,2022,alfa
16534,1082,51,10.0,\N,Canadian Grand Prix,2022,alfa
16549,1083,51,0.0,\N,British Grand Prix,2022,alfa
16556,1084,51,0.0,\N,Austrian Grand Prix,2022,alfa
16568,1085,51,0.0,\N,French Grand Prix,2022,alfa
16577,1086,51,0.0,\N,Hungarian Grand Prix,2022,alfa
16588,1087,51,0.0,\N,Belgian Grand Prix,2022,alfa
16599,1088,51,0.0,\N,Dutch Grand Prix,2022,alfa
16606,1089,51,1.0,\N,Italian Grand Prix,2022,alfa
16616,1091,51,0.0,\N,Singapore Grand Prix,2022,alfa
16629,1092,51,0.0,\N,Japanese Grand Prix,2022,alfa
16638,1093,51,0.0,\N,United States Grand Prix,2022,alfa
16645,1094,51,1.0,\N,Mexico City Grand Prix,2022,alfa
16654,1095,51,2.0,\N,São Paulo Grand Prix,2022,alfa
16667,1096,51,0.0,\N,Abu Dhabi Grand Prix,2022,alfa
16674,1098,51,4.0,\N,Bahrain Grand Prix,2023,alfa
16687,1099,51,0.0,\N,Saudi Arabian Grand Prix,2023,alfa
16695,1100,51,2.0,\N,Australian Grand Prix,2023,alfa
16709,1101,51,0.0,\N,Azerbaijan Grand Prix,2023,alfa
16717,1102,51,0.0,\N,Miami Grand Prix,2023,alfa
16726,1104,51,0.0,\N,Monaco Grand Prix,2023,alfa
16735,1105,51,2.0,\N,Spanish Grand Prix,2023,alfa
16746,1106,51,1.0,\N,Canadian Grand Prix,2023,alfa
16757,1107,51,0.0,\N,Austrian Grand Prix,2023,alfa
16766,1108,51,0.0,\N,British Grand Prix,2023,alfa
16776,1109,51,0.0,\N,Hungarian Grand Prix,2023,alfa
16787,1110,51,0.0,\N,Belgian Grand Prix,2023,alfa
16799,1111,51,0.0,\N,Dutch Grand Prix,2023,alfa
16806,1112,51,1.0,\N,Italian Grand Prix,2023,alfa
16818,1113,51,0.0,\N,Singapore Grand Prix,2023,alfa
16827,1114,51,0.0,\N,Japanese Grand Prix,2023,alfa
16836,1115,51,6.0,\N,Qatar Grand Prix,2023,alfa
16849,1116,51,0.0,\N,United States Grand Prix,2023,alfa
16858,1117,51,0.0,\N,Mexico City Grand Prix,2023,alfa
16869,1118,51,0.0,\N,São Paulo Grand Prix,2023,alfa
16879,1119,51,0.0,\N,Las Vegas Grand Prix,2023,alfa
15854,1010,4,6.0,\N,Australian Grand Prix,2019,renault
15868,1011,4,0.0,\N,Bahrain Grand Prix,2019,renault
15873,1012,4,6.0,\N,Chinese Grand Prix,2019,renault
15888,1013,4,0.0,\N,Azerbaijan Grand Prix,2019,renault
15896,1014,4,0.0,\N,Spanish Grand Prix,2019,renault
15905,1015,4,2.0,\N,Monaco Grand Prix,2019,renault
15913,1016,4,14.0,\N,Canadian Grand Prix,2019,renault
15924,1017,4,4.0,\N,French Grand Prix,2019,renault
15936,1018,4,0.0,\N,Austrian Grand Prix,2019,renault
15944,1019,4,7.0,\N,British Grand Prix,2019,renault
15959,1020,4,0.0,\N,German Grand Prix,2019,renault
15967,1021,4,0.0,\N,Hungarian Grand Prix,2019,renault
15975,1022,4,4.0,\N,Belgian Grand Prix,2019,renault
15982,1023,4,22.0,\N,Italian Grand Prix,2019,renault
15995,1024,4,2.0,\N,Singapore Grand Prix,2019,renault
16006,1025,4,1.0,\N,Russian Grand Prix,2019,renault
16014,1026,4,0.0,\N,Japanese Grand Prix,2019,renault
16024,1027,4,5.0,\N,Mexican Grand Prix,2019,renault
16033,1028,4,10.0,\N,United States Grand Prix,2019,renault
16044,1029,4,8.0,\N,Brazilian Grand Prix,2019,renault
16056,1030,4,0.0,\N,Abu Dhabi Grand Prix,2019,renault
16065,1031,4,4.0,\N,Austrian Grand Prix,2020,renault
16074,1032,4,4.0,\N,Styrian Grand Prix,2020,renault
16084,1033,4,4.0,\N,Hungarian Grand Prix,2020,renault
16093,1034,4,20.0,\N,British Grand Prix,2020,renault
16104,1035,4,4.0,\N,70th Anniversary Grand Prix,2020,renault
16116,1036,4,0.0,\N,Spanish Grand Prix,2020,renault
16122,1037,4,23.0,\N,Belgian Grand Prix,2020,renault
16134,1038,4,12.0,\N,Italian Grand Prix,2020,renault
16142,1039,4,12.0,\N,Tuscan Grand Prix,2020,renault
16153,1040,4,16.0,\N,Russian Grand Prix,2020,renault
16162,1041,4,15.0,\N,Eifel Grand Prix,2020,renault
16176,1042,4,6.0,\N,Portuguese Grand Prix,2020,renault
16181,1043,4,15.0,\N,Emilia Romagna Grand Prix,2020,renault
16195,1044,4,1.0,\N,Turkish Grand Prix,2020,renault
16204,1045,4,8.0,\N,Bahrain Grand Prix,2020,renault
16211,1046,4,28.0,\N,Sakhir Grand Prix,2020,renault
16223,1047,4,9.0,\N,Abu Dhabi Grand Prix,2020,renault
15856,1010,211,2.0,\N,Australian Grand Prix,2019,racing_point
15865,1011,211,1.0,\N,Bahrain Grand Prix,2019,racing_point
15874,1012,211,4.0,\N,Chinese Grand Prix,2019,racing_point
15883,1013,211,10.0,\N,Azerbaijan Grand Prix,2019,racing_point
15898,1014,211,0.0,\N,Spanish Grand Prix,2019,racing_point
15907,1015,211,0.0,\N,Monaco Grand Prix,2019,racing_point
15914,1016,211,2.0,\N,Canadian Grand Prix,2019,racing_point
15926,1017,211,0.0,\N,French Grand Prix,2019,racing_point
15935,1018,211,0.0,\N,Austrian Grand Prix,2019,racing_point
15947,1019,211,0.0,\N,British Grand Prix,2019,racing_point
15953,1020,211,12.0,\N,German Grand Prix,2019,racing_point
15966,1021,211,0.0,\N,Hungarian Grand Prix,2019,racing_point
15973,1022,211,9.0,\N,Belgian Grand Prix,2019,racing_point
15984,1023,211,6.0,\N,Italian Grand Prix,2019,racing_point
15998,1024,211,0.0,\N,Singapore Grand Prix,2019,racing_point
16004,1025,211,6.0,\N,Russian Grand Prix,2019,racing_point
16016,1026,211,6.0,\N,Japanese Grand Prix,2019,racing_point
16023,1027,211,6.0,\N,Mexican Grand Prix,2019,racing_point
16035,1028,211,1.0,\N,United States Grand Prix,2019,racing_point
16046,1029,211,2.0,\N,Brazilian Grand Prix,2019,racing_point
16053,1030,211,6.0,\N,Abu Dhabi Grand Prix,2019,racing_point
16063,1031,211,8.0,\N,Austrian Grand Prix,2020,racing_point
16073,1032,211,14.0,\N,Styrian Grand Prix,2020,racing_point
16082,1033,211,18.0,\N,Hungarian Grand Prix,2020,racing_point
16096,1034,211,2.0,\N,British Grand Prix,2020,racing_point
16103,1035,211,14.0,\N,70th Anniversary Grand Prix,2020,racing_point
16112,1036,211,22.0,\N,Spanish Grand Prix,2020,racing_point
16125,1037,211,3.0,\N,Belgian Grand Prix,2020,racing_point
16132,1038,211,16.0,\N,Italian Grand Prix,2020,racing_point
16143,1039,211,10.0,\N,Tuscan Grand Prix,2020,racing_point
16152,1040,211,12.0,\N,Russian Grand Prix,2020,racing_point
16163,1041,211,16.0,\N,Eifel Grand Prix,2020,racing_point
16175,1042,211,6.0,\N,Portuguese Grand Prix,2020,racing_point
16184,1043,211,8.0,\N,Emilia Romagna Grand Prix,2020,racing_point
16191,1044,211,20.0,\N,Turkish Grand Prix,2020,racing_point
16209,1045,211,0.0,\N,Bahrain Grand Prix,2020,racing_point
16210,1046,211,40.0,\N,Sakhir Grand Prix,2020,racing_point
16225,1047,211,1.0,\N,Abu Dhabi Grand Prix,2020,racing_point
15857,1010,5,1.0,\N,Australian Grand Prix,2019,toro_rosso
15869,1011,5,2.0,\N,Bahrain Grand Prix,2019,toro_rosso
15876,1012,5,1.0,\N,Chinese Grand Prix,2019,toro_rosso
15886,1013,5,0.0,\N,Azerbaijan Grand Prix,2019,toro_rosso
15895,1014,5,2.0,\N,Spanish Grand Prix,2019,toro_rosso
15904,1015,5,10.0,\N,Monaco Grand Prix,2019,toro_rosso
15915,1016,5,1.0,\N,Canadian Grand Prix,2019,toro_rosso
15927,1017,5,0.0,\N,French Grand Prix,2019,toro_rosso
15937,1018,5,0.0,\N,Austrian Grand Prix,2019,toro_rosso
15946,1019,5,2.0,\N,British Grand Prix,2019,toro_rosso
15952,1020,5,23.0,\N,German Grand Prix,2019,toro_rosso
15965,1021,5,1.0,\N,Hungarian Grand Prix,2019,toro_rosso
15974,1022,5,8.0,\N,Belgian Grand Prix,2019,toro_rosso
15987,1023,5,0.0,\N,Italian Grand Prix,2019,toro_rosso
15994,1024,5,4.0,\N,Singapore Grand Prix,2019,toro_rosso
16007,1025,5,0.0,\N,Russian Grand Prix,2019,toro_rosso
16015,1026,5,7.0,\N,Japanese Grand Prix,2019,toro_rosso
16025,1027,5,2.0,\N,Mexican Grand Prix,2019,toro_rosso
16037,1028,5,0.0,\N,United States Grand Prix,2019,toro_rosso
16041,1029,5,19.0,\N,Brazilian Grand Prix,2019,toro_rosso
16055,1030,5,2.0,\N,Abu Dhabi Grand Prix,2019,toro_rosso
16895,1121,15,0.0,\N,Bahrain Grand Prix,2024,sauber
16909,1122,15,0.0,\N,Saudi Arabian Grand Prix,2024,sauber
16918,1123,15,0.0,\N,Australian Grand Prix,2024,sauber
16927,1124,15,0.0,\N,Japanese Grand Prix,2024,sauber
16938,1125,15,0.0,\N,Chinese Grand Prix,2024,sauber
16948,1126,15,0.0,\N,Miami Grand Prix,2024,sauber
16958,1127,15,0.0,\N,Emilia Romagna Grand Prix,2024,sauber
16968,1128,15,0.0,\N,Monaco Grand Prix,2024,sauber
16977,1129,15,0.0,\N,Canadian Grand Prix,2024,sauber
16987,1130,15,0.0,\N,Spanish Grand Prix,2024,sauber
16999,1131,15,0.0,\N,Austrian Grand Prix,2024,sauber
17008,1132,15,0.0,\N,British Grand Prix,2024,sauber
16897,1121,215,0.0,\N,Bahrain Grand Prix,2024,rb
16908,1122,215,0.0,\N,Saudi Arabian Grand Prix,2024,rb
16914,1123,215,6.0,\N,Australian Grand Prix,2024,rb
16925,1124,215,1.0,\N,Japanese Grand Prix,2024,rb
16939,1125,215,0.0,\N,Chinese Grand Prix,2024,rb
16944,1126,215,12.0,\N,Miami Grand Prix,2024,rb
16955,1127,215,1.0,\N,Emilia Romagna Grand Prix,2024,rb
16964,1128,215,4.0,\N,Monaco Grand Prix,2024,rb
16974,1129,215,4.0,\N,Canadian Grand Prix,2024,rb
16988,1130,215,0.0,\N,Spanish Grand Prix,2024,rb
16995,1131,215,2.0,\N,Austrian Grand Prix,2024,rb
17007,1132,215,1.0,\N,British Grand Prix,2024,rb
